name;1;2;3;4;5;6;7;8;9;10;11;12;13;14;15;16;17;18;19;20;21;22;23;24;25;26;27;28;29;30;31;32;33;34;35;36;37;38;39;40;41
 A J de Wildeman; A J de Wildeman; A J de Wildeman; A J de Wildeman; A J de Wildeman; A J de Wildeman; A J de Wildeman; A J de Wildeman; A J de Wildeman; A J de Wildeman; A J de Wildeman; A J de Wildeman; A J de Wildeman; A J de Wildeman; A J de Wildeman; A J de Wildeman; A J de Wildeman; A J de Wildeman; A J de Wildeman; A J de Wildeman; A J de Wildeman; A J de Wildeman; A J de Wildeman; A J de Wildeman; A J de Wildeman; A J de Wildeman; A J de Wildeman; A J de Wildeman; A J de Wildeman; A J de Wildeman; A J de Wildeman; A J de Wildeman; A J de Wildeman; A J de Wildeman; A J de Wildeman; A J de Wildeman; A J de Wildeman; A J de Wildeman; A J de Wildeman; A J de Wildeman; A J de Wildeman; A J de Wildeman
;A  de Wilde;A  de Wilde;A  de Wilde;A  de Wilde;A  de Wilde;A  de Wilde;A  de Wilde;A  de Wilde;A  de Wilde;A  de Wilde;A  de Wilde;A  de Wilde;A  de Wilde;A  de Wilde;A  de Wilde;A  de Wilde;A  de Wilde;A  de Wilde;A  de Wilde;A  de Wilde;A  de Wilde;A  de Wilde;A  de Wilde;A  de Wilde;A  de Wilde;A  de Wilde;A  de Wilde;A  de Wilde;A  de Wilde;A  de Wilde;A  de Wilde;Wilde, A de;;;;;;;;;
;A  de Wilde;A  de Wilde;A  de Wilde;A  de Wilde;A  de Wilde;A  de Wilde;A  de Wilde;A  de Wilde;A  de Wilde;A  de Wilde;A  de Wilde;A  de Wilde;A  de Wilde;A  de Wilde;A  de Wilde;A  de Wilde;A  de Wilde;A  de Wilde;A  de Wilde;A  de Wilde;A  de Wilde;A  de Wilde;A  de Wilde;A  de Wilde;A  de Wilde;A  de Wilde;A  de Wilde;A  de Wilde;A  de Wilde;A  de Wilde;A  de Wilde;Wilde, A de;;;;;;;;;
;A  G  Wilde;A  G  Wilde;A  G  Wilde;A  G  Wilde;A  G  Wilde;A  G  Wilde;A  G  Wilde;A  G  Wilde;A  G  Wilde;A  G  Wilde;A  G  Wilde;A  G  Wilde;A  G  Wilde;A  G  Wilde;A  G  Wilde;A  G  Wilde;A  G  Wilde;A  G  Wilde;A  G  Wilde;A  G  Wilde;A  G  Wilde;A  G  Wilde;A  G  Wilde;A  G  Wilde;A  G  Wilde;A  G  Wilde;A  G  Wilde;A  G  Wilde;A  G  Wilde;A  G  Wilde;A  G  Wilde;A  G  Wilde;A  G  Wilde;Wilde, AG ;;;;;;;
 de Wilde;A  Neytzel de Wilde;A  Neytzel de Wilde;A  Neytzel de Wilde;A  Neytzel de Wilde;A  Neytzel de Wilde;A  Neytzel de Wilde;A  Neytzel de Wilde;A  Neytzel de Wilde;A  Neytzel de Wilde;A  Neytzel de Wilde;A  Neytzel de Wilde;A  Neytzel de Wilde;A  Neytzel de Wilde;A  Neytzel de Wilde;A  Neytzel de Wilde;A  Neytzel de Wilde;A  Neytzel de Wilde;A  Neytzel de Wilde;A  Neytzel de Wilde;A  Neytzel de Wilde;A  Neytzel de Wilde;A  Neytzel de Wilde;A  Neytzel de Wilde;A  Neytzel de Wilde;A  Neytzel de Wilde;A  Neytzel de Wilde;A  Neytzel de Wilde;A  Neytzel de Wilde;A  Neytzel de Wilde;A  Neytzel de Wilde;A  Neytzel de Wilde;Neytzel, A  de Wilde; de Wilde; de Wilde; de Wilde; de Wilde; de Wilde; de Wilde; de Wilde; de Wilde; de Wilde
;Arend de Wilde;Arend de Wilde;Arend de Wilde;Arend de Wilde;Arend de Wilde;Arend de Wilde;Arend de Wilde;Arend de Wilde;Arend de Wilde;Arend de Wilde;Arend de Wilde;Arend de Wilde;Arend de Wilde;Arend de Wilde;Arend de Wilde;Arend de Wilde;Arend de Wilde;Arend de Wilde;Arend de Wilde;Arend de Wilde;Arend de Wilde;Arend de Wilde;Arend de Wilde;Arend de Wilde;Arend de Wilde;Arend de Wilde;Arend de Wilde;Arend de Wilde;Arend de Wilde;Wilde, A de;;;;;;;;;;;
;Arrend de Wilde;Arrend de Wilde;Arrend de Wilde;Arrend de Wilde;Arrend de Wilde;Arrend de Wilde;Arrend de Wilde;Arrend de Wilde;Arrend de Wilde;Arrend de Wilde;Arrend de Wilde;Arrend de Wilde;Arrend de Wilde;Arrend de Wilde;Arrend de Wilde;Arrend de Wilde;Arrend de Wilde;Arrend de Wilde;Arrend de Wilde;Arrend de Wilde;Arrend de Wilde;Arrend de Wilde;Arrend de Wilde;Arrend de Wilde;Arrend de Wilde;Arrend de Wilde;Arrend de Wilde;Arrend de Wilde;Arrend de Wilde;Wilde, A de;;;;;;;;;;;
;B  C  Wilde;B  C  Wilde;B  C  Wilde;B  C  Wilde;B  C  Wilde;B  C  Wilde;B  C  Wilde;B  C  Wilde;B  C  Wilde;B  C  Wilde;B  C  Wilde;B  C  Wilde;B  C  Wilde;B  C  Wilde;B  C  Wilde;B  C  Wilde;B  C  Wilde;B  C  Wilde;B  C  Wilde;B  C  Wilde;B  C  Wilde;B  C  Wilde;B  C  Wilde;B  C  Wilde;B  C  Wilde;B  C  Wilde;B  C  Wilde;B  C  Wilde;B  C  Wilde;B  C  Wilde;B  C  Wilde;B  C  Wilde;B  C  Wilde;Wilde, BC ;;;;;;;
;B  de Wilde;B  de Wilde;B  de Wilde;B  de Wilde;B  de Wilde;B  de Wilde;B  de Wilde;B  de Wilde;B  de Wilde;B  de Wilde;B  de Wilde;B  de Wilde;B  de Wilde;B  de Wilde;B  de Wilde;B  de Wilde;B  de Wilde;B  de Wilde;B  de Wilde;B  de Wilde;B  de Wilde;B  de Wilde;B  de Wilde;B  de Wilde;B  de Wilde;B  de Wilde;B  de Wilde;B  de Wilde;B  de Wilde;B  de Wilde;B  de Wilde;Wilde, B de;;;;;;;;;
;B  E  E  de Wilde;B  E  E  de Wilde;B  E  E  de Wilde;B  E  E  de Wilde;B  E  E  de Wilde;B  E  E  de Wilde;B  E  E  de Wilde;B  E  E  de Wilde;B  E  E  de Wilde;B  E  E  de Wilde;B  E  E  de Wilde;B  E  E  de Wilde;B  E  E  de Wilde;B  E  E  de Wilde;B  E  E  de Wilde;B  E  E  de Wilde;B  E  E  de Wilde;B  E  E  de Wilde;B  E  E  de Wilde;B  E  E  de Wilde;B  E  E  de Wilde;B  E  E  de Wilde;B  E  E  de Wilde;B  E  E  de Wilde;B  E  E  de Wilde;B  E  E  de Wilde;B  E  E  de Wilde;B  E  E  de Wilde;B  E  E  de Wilde;B  E  E  de Wilde;B  E  E  de Wilde;B  E  E  de Wilde;B  E  E  de Wilde;B  E  E  de Wilde;B  E  E  de Wilde;Wilde, BEE de;;;;;
;B C Wilde;B C Wilde;B C Wilde;B C Wilde;B C Wilde;B C Wilde;B C Wilde;B C Wilde;B C Wilde;B C Wilde;B C Wilde;B C Wilde;B C Wilde;B C Wilde;B C Wilde;B C Wilde;B C Wilde;B C Wilde;B C Wilde;B C Wilde;B C Wilde;B C Wilde;B C Wilde;B C Wilde;B C Wilde;B C Wilde;B C Wilde;B C Wilde;B C Wilde;B C Wilde;B C Wilde;B C Wilde;B C Wilde;B C Wilde;Wilde, BC;;;;;;
;Bart de Wilde;Bart de Wilde;Bart de Wilde;Bart de Wilde;Bart de Wilde;Bart de Wilde;Bart de Wilde;Bart de Wilde;Bart de Wilde;Bart de Wilde;Bart de Wilde;Bart de Wilde;Bart de Wilde;Bart de Wilde;Bart de Wilde;Bart de Wilde;Bart de Wilde;Bart de Wilde;Bart de Wilde;Bart de Wilde;Bart de Wilde;Bart de Wilde;Bart de Wilde;Bart de Wilde;Bart de Wilde;Bart de Wilde;Bart de Wilde;Bart de Wilde;Bart de Wilde;Wilde, B de;;;;;;;;;;;
;Brendan C  Wilde;Brendan C  Wilde;Brendan C  Wilde;Brendan C  Wilde;Brendan C  Wilde;Brendan C  Wilde;Brendan C  Wilde;Brendan C  Wilde;Brendan C  Wilde;Brendan C  Wilde;Brendan C  Wilde;Brendan C  Wilde;Brendan C  Wilde;Brendan C  Wilde;Brendan C  Wilde;Brendan C  Wilde;Brendan C  Wilde;Brendan C  Wilde;Brendan C  Wilde;Brendan C  Wilde;Brendan C  Wilde;Brendan C  Wilde;Brendan C  Wilde;Brendan C  Wilde;Brendan C  Wilde;Brendan C  Wilde;Brendan C  Wilde;Wilde, BC ;;;;;;;;;;;;;
;C  E  Wilde;C  E  Wilde;C  E  Wilde;C  E  Wilde;C  E  Wilde;C  E  Wilde;C  E  Wilde;C  E  Wilde;C  E  Wilde;C  E  Wilde;C  E  Wilde;C  E  Wilde;C  E  Wilde;C  E  Wilde;C  E  Wilde;C  E  Wilde;C  E  Wilde;C  E  Wilde;C  E  Wilde;C  E  Wilde;C  E  Wilde;C  E  Wilde;C  E  Wilde;C  E  Wilde;C  E  Wilde;C  E  Wilde;C  E  Wilde;C  E  Wilde;C  E  Wilde;C  E  Wilde;C  E  Wilde;C  E  Wilde;C  E  Wilde;Wilde, CE ;;;;;;;
 & W  J  de Wilde;C  Jeffrey & W  J  de Wilde;C  Jeffrey & W  J  de Wilde;C  Jeffrey & W  J  de Wilde;C  Jeffrey & W  J  de Wilde;C  Jeffrey & W  J  de Wilde;C  Jeffrey & W  J  de Wilde;C  Jeffrey & W  J  de Wilde;C  Jeffrey & W  J  de Wilde;C  Jeffrey & W  J  de Wilde;C  Jeffrey & W  J  de Wilde;C  Jeffrey & W  J  de Wilde;C  Jeffrey & W  J  de Wilde;C  Jeffrey & W  J  de Wilde;C  Jeffrey & W  J  de Wilde;C  Jeffrey & W  J  de Wilde;C  Jeffrey & W  J  de Wilde;C  Jeffrey & W  J  de Wilde;C  Jeffrey & W  J  de Wilde;C  Jeffrey & W  J  de Wilde;C  Jeffrey & W  J  de Wilde;C  Jeffrey & W  J  de Wilde;C  Jeffrey & W  J  de Wilde;C  Jeffrey & W  J  de Wilde;C  Jeffrey & W  J  de Wilde;C  Jeffrey & W  J  de Wilde;C  Jeffrey & W  J  de Wilde;C  Jeffrey & W  J  de Wilde;C  Jeffrey & W  J  de Wilde;C  Jeffrey & W  J  de Wilde;C  Jeffrey & W  J  de Wilde;C  Jeffrey & W  J  de Wilde;Jeffrey, C  & W  J  de Wilde; & W  J  de Wilde; & W  J  de Wilde; & W  J  de Wilde; & W  J  de Wilde; & W  J  de Wilde; & W  J  de Wilde; & W  J  de Wilde; & W  J  de Wilde; & W  J  de Wilde
 & W  J  J  de Wilde;C  Jeffrey & W  J  J  de Wilde;C  Jeffrey & W  J  J  de Wilde;C  Jeffrey & W  J  J  de Wilde;C  Jeffrey & W  J  J  de Wilde;C  Jeffrey & W  J  J  de Wilde;C  Jeffrey & W  J  J  de Wilde;C  Jeffrey & W  J  J  de Wilde;C  Jeffrey & W  J  J  de Wilde;C  Jeffrey & W  J  J  de Wilde;C  Jeffrey & W  J  J  de Wilde;C  Jeffrey & W  J  J  de Wilde;C  Jeffrey & W  J  J  de Wilde;C  Jeffrey & W  J  J  de Wilde;C  Jeffrey & W  J  J  de Wilde;C  Jeffrey & W  J  J  de Wilde;C  Jeffrey & W  J  J  de Wilde;C  Jeffrey & W  J  J  de Wilde;C  Jeffrey & W  J  J  de Wilde;C  Jeffrey & W  J  J  de Wilde;C  Jeffrey & W  J  J  de Wilde;C  Jeffrey & W  J  J  de Wilde;C  Jeffrey & W  J  J  de Wilde;C  Jeffrey & W  J  J  de Wilde;C  Jeffrey & W  J  J  de Wilde;C  Jeffrey & W  J  J  de Wilde;C  Jeffrey & W  J  J  de Wilde;C  Jeffrey & W  J  J  de Wilde;C  Jeffrey & W  J  J  de Wilde;C  Jeffrey & W  J  J  de Wilde;C  Jeffrey & W  J  J  de Wilde;C  Jeffrey & W  J  J  de Wilde;Jeffrey, C  & W  J  J  de Wilde; & W  J  J  de Wilde; & W  J  J  de Wilde; & W  J  J  de Wilde; & W  J  J  de Wilde; & W  J  J  de Wilde; & W  J  J  de Wilde; & W  J  J  de Wilde; & W  J  J  de Wilde; & W  J  J  de Wilde
;C  L  Wilde;C  L  Wilde;C  L  Wilde;C  L  Wilde;C  L  Wilde;C  L  Wilde;C  L  Wilde;C  L  Wilde;C  L  Wilde;C  L  Wilde;C  L  Wilde;C  L  Wilde;C  L  Wilde;C  L  Wilde;C  L  Wilde;C  L  Wilde;C  L  Wilde;C  L  Wilde;C  L  Wilde;C  L  Wilde;C  L  Wilde;C  L  Wilde;C  L  Wilde;C  L  Wilde;C  L  Wilde;C  L  Wilde;C  L  Wilde;C  L  Wilde;C  L  Wilde;C  L  Wilde;C  L  Wilde;C  L  Wilde;C  L  Wilde;Wilde, CL ;;;;;;;
;C  M  Wilde;C  M  Wilde;C  M  Wilde;C  M  Wilde;C  M  Wilde;C  M  Wilde;C  M  Wilde;C  M  Wilde;C  M  Wilde;C  M  Wilde;C  M  Wilde;C  M  Wilde;C  M  Wilde;C  M  Wilde;C  M  Wilde;C  M  Wilde;C  M  Wilde;C  M  Wilde;C  M  Wilde;C  M  Wilde;C  M  Wilde;C  M  Wilde;C  M  Wilde;C  M  Wilde;C  M  Wilde;C  M  Wilde;C  M  Wilde;C  M  Wilde;C  M  Wilde;C  M  Wilde;C  M  Wilde;C  M  Wilde;C  M  Wilde;Wilde, CM ;;;;;;;
;C  M  Wilder;C  M  Wilder;C  M  Wilder;C  M  Wilder;C  M  Wilder;C  M  Wilder;C  M  Wilder;C  M  Wilder;C  M  Wilder;C  M  Wilder;C  M  Wilder;C  M  Wilder;C  M  Wilder;C  M  Wilder;C  M  Wilder;C  M  Wilder;C  M  Wilder;C  M  Wilder;C  M  Wilder;C  M  Wilder;C  M  Wilder;C  M  Wilder;C  M  Wilder;C  M  Wilder;C  M  Wilder;C  M  Wilder;C  M  Wilder;C  M  Wilder;C  M  Wilder;C  M  Wilder;C  M  Wilder;C  M  Wilder;C  M  Wilder;Wilder, CM ;;;;;;;
;C  Wilde;C  Wilde;C  Wilde;C  Wilde;C  Wilde;C  Wilde;C  Wilde;C  Wilde;C  Wilde;C  Wilde;C  Wilde;C  Wilde;C  Wilde;C  Wilde;C  Wilde;C  Wilde;C  Wilde;C  Wilde;C  Wilde;C  Wilde;C  Wilde;C  Wilde;C  Wilde;C  Wilde;C  Wilde;C  Wilde;C  Wilde;C  Wilde;C  Wilde;C  Wilde;C  Wilde;Wilde, C ;;;;;;;;;
;Charlotte Endicott Wilde;Charlotte Endicott Wilde;Charlotte Endicott Wilde;Charlotte Endicott Wilde;Charlotte Endicott Wilde;Charlotte Endicott Wilde;Charlotte Endicott Wilde;Charlotte Endicott Wilde;Charlotte Endicott Wilde;Charlotte Endicott Wilde;Charlotte Endicott Wilde;Charlotte Endicott Wilde;Charlotte Endicott Wilde;Charlotte Endicott Wilde;Charlotte Endicott Wilde;Charlotte Endicott Wilde;Charlotte Endicott Wilde;Charlotte Endicott Wilde;Charlotte Endicott Wilde;Charlotte Endicott Wilde;Charlotte Endicott Wilde;Charlotte Endicott Wilde;Charlotte Endicott Wilde;Charlotte Endicott Wilde;Charlotte Endicott Wilde;Charlotte Endicott Wilde;Wilde, CE;;;;;;;;;;;;;;
de Wilde, A ;de Wilde, A ;de Wilde, A ;de Wilde, A ;de Wilde, A ;de Wilde, A ;de Wilde, A ;de Wilde, A ;de Wilde, A ;de Wilde, A ;de Wilde, A ;de Wilde, A ;de Wilde, A ;de Wilde, A ;de Wilde, A ;de Wilde, A ;de Wilde, A ;de Wilde, A ;de Wilde, A ;de Wilde, A ;de Wilde, A ;de Wilde, A ;de Wilde, A ;de Wilde, A ;de Wilde, A ;de Wilde, A ;de Wilde, A ;de Wilde, A ;de Wilde, A ;de Wilde, A ;de Wilde, A ;de Wilde, A ;de Wilde, A ;de Wilde, A ;de Wilde, A ;de Wilde, A ;de Wilde, A ;de Wilde, A ;de Wilde, A ;de Wilde, A ;de Wilde, A ;de Wilde, A 
de Wilde, A ;de Wilde, A ;de Wilde, A ;de Wilde, A ;de Wilde, A ;de Wilde, A ;de Wilde, A ;de Wilde, A ;de Wilde, A ;de Wilde, A ;de Wilde, A ;de Wilde, A ;de Wilde, A ;de Wilde, A ;de Wilde, A ;de Wilde, A ;de Wilde, A ;de Wilde, A ;de Wilde, A ;de Wilde, A ;de Wilde, A ;de Wilde, A ;de Wilde, A ;de Wilde, A ;de Wilde, A ;de Wilde, A ;de Wilde, A ;de Wilde, A ;de Wilde, A ;de Wilde, A ;de Wilde, A ;de Wilde, A ;de Wilde, A ;de Wilde, A ;de Wilde, A ;de Wilde, A ;de Wilde, A ;de Wilde, A ;de Wilde, A ;de Wilde, A ;de Wilde, A ;de Wilde, A 
de Wilde, Arend;de Wilde, Arend;de Wilde, Arend;de Wilde, Arend;de Wilde, Arend;de Wilde, Arend;de Wilde, Arend;de Wilde, Arend;de Wilde, Arend;de Wilde, Arend;de Wilde, Arend;de Wilde, Arend;de Wilde, Arend;de Wilde, Arend;de Wilde, Arend;de Wilde, Arend;de Wilde, Arend;de Wilde, Arend;de Wilde, Arend;de Wilde, Arend;de Wilde, Arend;de Wilde, Arend;de Wilde, Arend;de Wilde, Arend;de Wilde, Arend;de Wilde, Arend;de Wilde, Arend;de Wilde, Arend;de Wilde, Arend;de Wilde, Arend;de Wilde, Arend;de Wilde, Arend;de Wilde, Arend;de Wilde, Arend;de Wilde, Arend;de Wilde, Arend;de Wilde, Arend;de Wilde, Arend;de Wilde, Arend;de Wilde, Arend;de Wilde, Arend;de Wilde, Arend
de Wilde, Bart;de Wilde, Bart;de Wilde, Bart;de Wilde, Bart;de Wilde, Bart;de Wilde, Bart;de Wilde, Bart;de Wilde, Bart;de Wilde, Bart;de Wilde, Bart;de Wilde, Bart;de Wilde, Bart;de Wilde, Bart;de Wilde, Bart;de Wilde, Bart;de Wilde, Bart;de Wilde, Bart;de Wilde, Bart;de Wilde, Bart;de Wilde, Bart;de Wilde, Bart;de Wilde, Bart;de Wilde, Bart;de Wilde, Bart;de Wilde, Bart;de Wilde, Bart;de Wilde, Bart;de Wilde, Bart;de Wilde, Bart;de Wilde, Bart;de Wilde, Bart;de Wilde, Bart;de Wilde, Bart;de Wilde, Bart;de Wilde, Bart;de Wilde, Bart;de Wilde, Bart;de Wilde, Bart;de Wilde, Bart;de Wilde, Bart;de Wilde, Bart;de Wilde, Bart
de Wilde, J  J  F  E & Voorhoeve, A  G ;de Wilde, J  J  F  E & Voorhoeve, A  G ;de Wilde, J  J  F  E & Voorhoeve, A  G ;de Wilde, J  J  F  E & Voorhoeve, A  G ;de Wilde, J  J  F  E & Voorhoeve, A  G ;de Wilde, J  J  F  E & Voorhoeve, A  G ;de Wilde, J  J  F  E & Voorhoeve, A  G ;de Wilde, J  J  F  E & Voorhoeve, A  G ;de Wilde, J  J  F  E & Voorhoeve, A  G ;de Wilde, J  J  F  E & Voorhoeve, A  G ;de Wilde, J  J  F  E & Voorhoeve, A  G ;de Wilde, J  J  F  E & Voorhoeve, A  G ;de Wilde, J  J  F  E & Voorhoeve, A  G ;de Wilde, J  J  F  E & Voorhoeve, A  G ;de Wilde, J  J  F  E & Voorhoeve, A  G ;de Wilde, J  J  F  E & Voorhoeve, A  G ;de Wilde, J  J  F  E & Voorhoeve, A  G ;de Wilde, J  J  F  E & Voorhoeve, A  G ;de Wilde, J  J  F  E & Voorhoeve, A  G ;de Wilde, J  J  F  E & Voorhoeve, A  G ;de Wilde, J  J  F  E & Voorhoeve, A  G ;de Wilde, J  J  F  E & Voorhoeve, A  G ;de Wilde, J  J  F  E & Voorhoeve, A  G ;de Wilde, J  J  F  E & Voorhoeve, A  G ;de Wilde, J  J  F  E & Voorhoeve, A  G ;de Wilde, J  J  F  E & Voorhoeve, A  G ;de Wilde, J  J  F  E & Voorhoeve, A  G ;de Wilde, J  J  F  E & Voorhoeve, A  G ;de Wilde, J  J  F  E & Voorhoeve, A  G ;de Wilde, J  J  F  E & Voorhoeve, A  G ;de Wilde, J  J  F  E & Voorhoeve, A  G ;de Wilde, J  J  F  E & Voorhoeve, A  G ;de Wilde, J  J  F  E & Voorhoeve, A  G ;de Wilde, J  J  F  E & Voorhoeve, A  G ;de Wilde, J  J  F  E & Voorhoeve, A  G ;de Wilde, J  J  F  E & Voorhoeve, A  G ;de Wilde, J  J  F  E & Voorhoeve, A  G ;de Wilde, J  J  F  E & Voorhoeve, A  G ;de Wilde, J  J  F  E & Voorhoeve, A  G ;de Wilde, J  J  F  E & Voorhoeve, A  G ;de Wilde, J  J  F  E & Voorhoeve, A  G ;de Wilde, J  J  F  E & Voorhoeve, A  G 
de Wilde, Jacques Marie Henri Joseph Raymond;de Wilde, Jacques Marie Henri Joseph Raymond;de Wilde, Jacques Marie Henri Joseph Raymond;de Wilde, Jacques Marie Henri Joseph Raymond;de Wilde, Jacques Marie Henri Joseph Raymond;de Wilde, Jacques Marie Henri Joseph Raymond;de Wilde, Jacques Marie Henri Joseph Raymond;de Wilde, Jacques Marie Henri Joseph Raymond;de Wilde, Jacques Marie Henri Joseph Raymond;de Wilde, Jacques Marie Henri Joseph Raymond;de Wilde, Jacques Marie Henri Joseph Raymond;de Wilde, Jacques Marie Henri Joseph Raymond;de Wilde, Jacques Marie Henri Joseph Raymond;de Wilde, Jacques Marie Henri Joseph Raymond;de Wilde, Jacques Marie Henri Joseph Raymond;de Wilde, Jacques Marie Henri Joseph Raymond;de Wilde, Jacques Marie Henri Joseph Raymond;de Wilde, Jacques Marie Henri Joseph Raymond;de Wilde, Jacques Marie Henri Joseph Raymond;de Wilde, Jacques Marie Henri Joseph Raymond;de Wilde, Jacques Marie Henri Joseph Raymond;de Wilde, Jacques Marie Henri Joseph Raymond;de Wilde, Jacques Marie Henri Joseph Raymond;de Wilde, Jacques Marie Henri Joseph Raymond;de Wilde, Jacques Marie Henri Joseph Raymond;de Wilde, Jacques Marie Henri Joseph Raymond;de Wilde, Jacques Marie Henri Joseph Raymond;de Wilde, Jacques Marie Henri Joseph Raymond;de Wilde, Jacques Marie Henri Joseph Raymond;de Wilde, Jacques Marie Henri Joseph Raymond;de Wilde, Jacques Marie Henri Joseph Raymond;de Wilde, Jacques Marie Henri Joseph Raymond;de Wilde, Jacques Marie Henri Joseph Raymond;de Wilde, Jacques Marie Henri Joseph Raymond;de Wilde, Jacques Marie Henri Joseph Raymond;de Wilde, Jacques Marie Henri Joseph Raymond;de Wilde, Jacques Marie Henri Joseph Raymond;de Wilde, Jacques Marie Henri Joseph Raymond;de Wilde, Jacques Marie Henri Joseph Raymond;de Wilde, Jacques Marie Henri Joseph Raymond;de Wilde, Jacques Marie Henri Joseph Raymond;de Wilde, Jacques Marie Henri Joseph Raymond
de Wilde, Jan Jacobus Friedrich Egmonde;de Wilde, Jan Jacobus Friedrich Egmonde;de Wilde, Jan Jacobus Friedrich Egmonde;de Wilde, Jan Jacobus Friedrich Egmonde;de Wilde, Jan Jacobus Friedrich Egmonde;de Wilde, Jan Jacobus Friedrich Egmonde;de Wilde, Jan Jacobus Friedrich Egmonde;de Wilde, Jan Jacobus Friedrich Egmonde;de Wilde, Jan Jacobus Friedrich Egmonde;de Wilde, Jan Jacobus Friedrich Egmonde;de Wilde, Jan Jacobus Friedrich Egmonde;de Wilde, Jan Jacobus Friedrich Egmonde;de Wilde, Jan Jacobus Friedrich Egmonde;de Wilde, Jan Jacobus Friedrich Egmonde;de Wilde, Jan Jacobus Friedrich Egmonde;de Wilde, Jan Jacobus Friedrich Egmonde;de Wilde, Jan Jacobus Friedrich Egmonde;de Wilde, Jan Jacobus Friedrich Egmonde;de Wilde, Jan Jacobus Friedrich Egmonde;de Wilde, Jan Jacobus Friedrich Egmonde;de Wilde, Jan Jacobus Friedrich Egmonde;de Wilde, Jan Jacobus Friedrich Egmonde;de Wilde, Jan Jacobus Friedrich Egmonde;de Wilde, Jan Jacobus Friedrich Egmonde;de Wilde, Jan Jacobus Friedrich Egmonde;de Wilde, Jan Jacobus Friedrich Egmonde;de Wilde, Jan Jacobus Friedrich Egmonde;de Wilde, Jan Jacobus Friedrich Egmonde;de Wilde, Jan Jacobus Friedrich Egmonde;de Wilde, Jan Jacobus Friedrich Egmonde;de Wilde, Jan Jacobus Friedrich Egmonde;de Wilde, Jan Jacobus Friedrich Egmonde;de Wilde, Jan Jacobus Friedrich Egmonde;de Wilde, Jan Jacobus Friedrich Egmonde;de Wilde, Jan Jacobus Friedrich Egmonde;de Wilde, Jan Jacobus Friedrich Egmonde;de Wilde, Jan Jacobus Friedrich Egmonde;de Wilde, Jan Jacobus Friedrich Egmonde;de Wilde, Jan Jacobus Friedrich Egmonde;de Wilde, Jan Jacobus Friedrich Egmonde;de Wilde, Jan Jacobus Friedrich Egmonde;de Wilde, Jan Jacobus Friedrich Egmonde
de Wilde, Jan Jacobus Friedrich Egmonde & Gilbert, Michael George;de Wilde, Jan Jacobus Friedrich Egmonde & Gilbert, Michael George;de Wilde, Jan Jacobus Friedrich Egmonde & Gilbert, Michael George;de Wilde, Jan Jacobus Friedrich Egmonde & Gilbert, Michael George;de Wilde, Jan Jacobus Friedrich Egmonde & Gilbert, Michael George;de Wilde, Jan Jacobus Friedrich Egmonde & Gilbert, Michael George;de Wilde, Jan Jacobus Friedrich Egmonde & Gilbert, Michael George;de Wilde, Jan Jacobus Friedrich Egmonde & Gilbert, Michael George;de Wilde, Jan Jacobus Friedrich Egmonde & Gilbert, Michael George;de Wilde, Jan Jacobus Friedrich Egmonde & Gilbert, Michael George;de Wilde, Jan Jacobus Friedrich Egmonde & Gilbert, Michael George;de Wilde, Jan Jacobus Friedrich Egmonde & Gilbert, Michael George;de Wilde, Jan Jacobus Friedrich Egmonde & Gilbert, Michael George;de Wilde, Jan Jacobus Friedrich Egmonde & Gilbert, Michael George;de Wilde, Jan Jacobus Friedrich Egmonde & Gilbert, Michael George;de Wilde, Jan Jacobus Friedrich Egmonde & Gilbert, Michael George;de Wilde, Jan Jacobus Friedrich Egmonde & Gilbert, Michael George;de Wilde, Jan Jacobus Friedrich Egmonde & Gilbert, Michael George;de Wilde, Jan Jacobus Friedrich Egmonde & Gilbert, Michael George;de Wilde, Jan Jacobus Friedrich Egmonde & Gilbert, Michael George;de Wilde, Jan Jacobus Friedrich Egmonde & Gilbert, Michael George;de Wilde, Jan Jacobus Friedrich Egmonde & Gilbert, Michael George;de Wilde, Jan Jacobus Friedrich Egmonde & Gilbert, Michael George;de Wilde, Jan Jacobus Friedrich Egmonde & Gilbert, Michael George;de Wilde, Jan Jacobus Friedrich Egmonde & Gilbert, Michael George;de Wilde, Jan Jacobus Friedrich Egmonde & Gilbert, Michael George;de Wilde, Jan Jacobus Friedrich Egmonde & Gilbert, Michael George;de Wilde, Jan Jacobus Friedrich Egmonde & Gilbert, Michael George;de Wilde, Jan Jacobus Friedrich Egmonde & Gilbert, Michael George;de Wilde, Jan Jacobus Friedrich Egmonde & Gilbert, Michael George;de Wilde, Jan Jacobus Friedrich Egmonde & Gilbert, Michael George;de Wilde, Jan Jacobus Friedrich Egmonde & Gilbert, Michael George;de Wilde, Jan Jacobus Friedrich Egmonde & Gilbert, Michael George;de Wilde, Jan Jacobus Friedrich Egmonde & Gilbert, Michael George;de Wilde, Jan Jacobus Friedrich Egmonde & Gilbert, Michael George;de Wilde, Jan Jacobus Friedrich Egmonde & Gilbert, Michael George;de Wilde, Jan Jacobus Friedrich Egmonde & Gilbert, Michael George;de Wilde, Jan Jacobus Friedrich Egmonde & Gilbert, Michael George;de Wilde, Jan Jacobus Friedrich Egmonde & Gilbert, Michael George;de Wilde, Jan Jacobus Friedrich Egmonde & Gilbert, Michael George;de Wilde, Jan Jacobus Friedrich Egmonde & Gilbert, Michael George;de Wilde, Jan Jacobus Friedrich Egmonde & Gilbert, Michael George
de Wilde, Willem Jan Jacobus Oswald;de Wilde, Willem Jan Jacobus Oswald;de Wilde, Willem Jan Jacobus Oswald;de Wilde, Willem Jan Jacobus Oswald;de Wilde, Willem Jan Jacobus Oswald;de Wilde, Willem Jan Jacobus Oswald;de Wilde, Willem Jan Jacobus Oswald;de Wilde, Willem Jan Jacobus Oswald;de Wilde, Willem Jan Jacobus Oswald;de Wilde, Willem Jan Jacobus Oswald;de Wilde, Willem Jan Jacobus Oswald;de Wilde, Willem Jan Jacobus Oswald;de Wilde, Willem Jan Jacobus Oswald;de Wilde, Willem Jan Jacobus Oswald;de Wilde, Willem Jan Jacobus Oswald;de Wilde, Willem Jan Jacobus Oswald;de Wilde, Willem Jan Jacobus Oswald;de Wilde, Willem Jan Jacobus Oswald;de Wilde, Willem Jan Jacobus Oswald;de Wilde, Willem Jan Jacobus Oswald;de Wilde, Willem Jan Jacobus Oswald;de Wilde, Willem Jan Jacobus Oswald;de Wilde, Willem Jan Jacobus Oswald;de Wilde, Willem Jan Jacobus Oswald;de Wilde, Willem Jan Jacobus Oswald;de Wilde, Willem Jan Jacobus Oswald;de Wilde, Willem Jan Jacobus Oswald;de Wilde, Willem Jan Jacobus Oswald;de Wilde, Willem Jan Jacobus Oswald;de Wilde, Willem Jan Jacobus Oswald;de Wilde, Willem Jan Jacobus Oswald;de Wilde, Willem Jan Jacobus Oswald;de Wilde, Willem Jan Jacobus Oswald;de Wilde, Willem Jan Jacobus Oswald;de Wilde, Willem Jan Jacobus Oswald;de Wilde, Willem Jan Jacobus Oswald;de Wilde, Willem Jan Jacobus Oswald;de Wilde, Willem Jan Jacobus Oswald;de Wilde, Willem Jan Jacobus Oswald;de Wilde, Willem Jan Jacobus Oswald;de Wilde, Willem Jan Jacobus Oswald;de Wilde, Willem Jan Jacobus Oswald
de Wilde, Willem Jan Jacobus Oswald;de Wilde, Willem Jan Jacobus Oswald;de Wilde, Willem Jan Jacobus Oswald;de Wilde, Willem Jan Jacobus Oswald;de Wilde, Willem Jan Jacobus Oswald;de Wilde, Willem Jan Jacobus Oswald;de Wilde, Willem Jan Jacobus Oswald;de Wilde, Willem Jan Jacobus Oswald;de Wilde, Willem Jan Jacobus Oswald;de Wilde, Willem Jan Jacobus Oswald;de Wilde, Willem Jan Jacobus Oswald;de Wilde, Willem Jan Jacobus Oswald;de Wilde, Willem Jan Jacobus Oswald;de Wilde, Willem Jan Jacobus Oswald;de Wilde, Willem Jan Jacobus Oswald;de Wilde, Willem Jan Jacobus Oswald;de Wilde, Willem Jan Jacobus Oswald;de Wilde, Willem Jan Jacobus Oswald;de Wilde, Willem Jan Jacobus Oswald;de Wilde, Willem Jan Jacobus Oswald;de Wilde, Willem Jan Jacobus Oswald;de Wilde, Willem Jan Jacobus Oswald;de Wilde, Willem Jan Jacobus Oswald;de Wilde, Willem Jan Jacobus Oswald;de Wilde, Willem Jan Jacobus Oswald;de Wilde, Willem Jan Jacobus Oswald;de Wilde, Willem Jan Jacobus Oswald;de Wilde, Willem Jan Jacobus Oswald;de Wilde, Willem Jan Jacobus Oswald;de Wilde, Willem Jan Jacobus Oswald;de Wilde, Willem Jan Jacobus Oswald;de Wilde, Willem Jan Jacobus Oswald;de Wilde, Willem Jan Jacobus Oswald;de Wilde, Willem Jan Jacobus Oswald;de Wilde, Willem Jan Jacobus Oswald;de Wilde, Willem Jan Jacobus Oswald;de Wilde, Willem Jan Jacobus Oswald;de Wilde, Willem Jan Jacobus Oswald;de Wilde, Willem Jan Jacobus Oswald;de Wilde, Willem Jan Jacobus Oswald;de Wilde, Willem Jan Jacobus Oswald;de Wilde, Willem Jan Jacobus Oswald
de Wilde-Duyfjes, Brigitta Emma Elisabeth ;de Wilde-Duyfjes, Brigitta Emma Elisabeth ;de Wilde-Duyfjes, Brigitta Emma Elisabeth ;de Wilde-Duyfjes, Brigitta Emma Elisabeth ;de Wilde-Duyfjes, Brigitta Emma Elisabeth ;de Wilde-Duyfjes, Brigitta Emma Elisabeth ;de Wilde-Duyfjes, Brigitta Emma Elisabeth ;de Wilde-Duyfjes, Brigitta Emma Elisabeth ;de Wilde-Duyfjes, Brigitta Emma Elisabeth ;de Wilde-Duyfjes, Brigitta Emma Elisabeth ;de Wilde-Duyfjes, Brigitta Emma Elisabeth ;de Wilde-Duyfjes, Brigitta Emma Elisabeth ;de Wilde-Duyfjes, Brigitta Emma Elisabeth ;de Wilde-Duyfjes, Brigitta Emma Elisabeth ;de Wilde-Duyfjes, Brigitta Emma Elisabeth ;de Wilde-Duyfjes, Brigitta Emma Elisabeth ;de Wilde-Duyfjes, Brigitta Emma Elisabeth ;de Wilde-Duyfjes, Brigitta Emma Elisabeth ;de Wilde-Duyfjes, Brigitta Emma Elisabeth ;de Wilde-Duyfjes, Brigitta Emma Elisabeth ;de Wilde-Duyfjes, Brigitta Emma Elisabeth ;de Wilde-Duyfjes, Brigitta Emma Elisabeth ;de Wilde-Duyfjes, Brigitta Emma Elisabeth ;de Wilde-Duyfjes, Brigitta Emma Elisabeth ;de Wilde-Duyfjes, Brigitta Emma Elisabeth ;de Wilde-Duyfjes, Brigitta Emma Elisabeth ;de Wilde-Duyfjes, Brigitta Emma Elisabeth ;de Wilde-Duyfjes, Brigitta Emma Elisabeth ;de Wilde-Duyfjes, Brigitta Emma Elisabeth ;de Wilde-Duyfjes, Brigitta Emma Elisabeth ;de Wilde-Duyfjes, Brigitta Emma Elisabeth ;de Wilde-Duyfjes, Brigitta Emma Elisabeth ;de Wilde-Duyfjes, Brigitta Emma Elisabeth ;de Wilde-Duyfjes, Brigitta Emma Elisabeth ;de Wilde-Duyfjes, Brigitta Emma Elisabeth ;de Wilde-Duyfjes, Brigitta Emma Elisabeth ;de Wilde-Duyfjes, Brigitta Emma Elisabeth ;de Wilde-Duyfjes, Brigitta Emma Elisabeth ;de Wilde-Duyfjes, Brigitta Emma Elisabeth ;de Wilde-Duyfjes, Brigitta Emma Elisabeth ;de Wilde-Duyfjes, Brigitta Emma Elisabeth ;de Wilde-Duyfjes, Brigitta Emma Elisabeth 
de Wildeman;de Wildeman;de Wildeman;de Wildeman;de Wildeman;de Wildeman;de Wildeman;de Wildeman;de Wildeman;de Wildeman;de Wildeman;de Wildeman;de Wildeman;de Wildeman;de Wildeman;de Wildeman;de Wildeman;de Wildeman;de Wildeman;de Wildeman;de Wildeman;de Wildeman;de Wildeman;de Wildeman;de Wildeman;de Wildeman;de Wildeman;de Wildeman;de Wildeman;de Wildeman;de Wildeman;de Wildeman;de Wildeman;de Wildeman;de Wildeman;de Wildeman;de Wildeman;de Wildeman;de Wildeman;de Wildeman;de Wildeman;de Wildeman
de Wildeman;de Wildeman;de Wildeman;de Wildeman;de Wildeman;de Wildeman;de Wildeman;de Wildeman;de Wildeman;de Wildeman;de Wildeman;de Wildeman;de Wildeman;de Wildeman;de Wildeman;de Wildeman;de Wildeman;de Wildeman;de Wildeman;de Wildeman;de Wildeman;de Wildeman;de Wildeman;de Wildeman;de Wildeman;de Wildeman;de Wildeman;de Wildeman;de Wildeman;de Wildeman;de Wildeman;de Wildeman;de Wildeman;de Wildeman;de Wildeman;de Wildeman;de Wildeman;de Wildeman;de Wildeman;de Wildeman;de Wildeman;de Wildeman
de Wildeman, Emile August(e) Joseph;de Wildeman, Emile August(e) Joseph;de Wildeman, Emile August(e) Joseph;de Wildeman, Emile August(e) Joseph;de Wildeman, Emile August(e) Joseph;de Wildeman, Emile August(e) Joseph;de Wildeman, Emile August(e) Joseph;de Wildeman, Emile August(e) Joseph;de Wildeman, Emile August(e) Joseph;de Wildeman, Emile August(e) Joseph;de Wildeman, Emile August(e) Joseph;de Wildeman, Emile August(e) Joseph;de Wildeman, Emile August(e) Joseph;de Wildeman, Emile August(e) Joseph;de Wildeman, Emile August(e) Joseph;de Wildeman, Emile August(e) Joseph;de Wildeman, Emile August(e) Joseph;de Wildeman, Emile August(e) Joseph;de Wildeman, Emile August(e) Joseph;de Wildeman, Emile August(e) Joseph;de Wildeman, Emile August(e) Joseph;de Wildeman, Emile August(e) Joseph;de Wildeman, Emile August(e) Joseph;de Wildeman, Emile August(e) Joseph;de Wildeman, Emile August(e) Joseph;de Wildeman, Emile August(e) Joseph;de Wildeman, Emile August(e) Joseph;de Wildeman, Emile August(e) Joseph;de Wildeman, Emile August(e) Joseph;de Wildeman, Emile August(e) Joseph;de Wildeman, Emile August(e) Joseph;de Wildeman, Emile August(e) Joseph;de Wildeman, Emile August(e) Joseph;de Wildeman, Emile August(e) Joseph;de Wildeman, Emile August(e) Joseph;de Wildeman, Emile August(e) Joseph;de Wildeman, Emile August(e) Joseph;de Wildeman, Emile August(e) Joseph;de Wildeman, Emile August(e) Joseph;de Wildeman, Emile August(e) Joseph;de Wildeman, Emile August(e) Joseph;de Wildeman, Emile August(e) Joseph
de Wildeman, Emile Auguste Joseph de;de Wildeman, Emile Auguste Joseph de;de Wildeman, Emile Auguste Joseph de;de Wildeman, Emile Auguste Joseph de;de Wildeman, Emile Auguste Joseph de;de Wildeman, Emile Auguste Joseph de;de Wildeman, Emile Auguste Joseph de;de Wildeman, Emile Auguste Joseph de;de Wildeman, Emile Auguste Joseph de;de Wildeman, Emile Auguste Joseph de;de Wildeman, Emile Auguste Joseph de;de Wildeman, Emile Auguste Joseph de;de Wildeman, Emile Auguste Joseph de;de Wildeman, Emile Auguste Joseph de;de Wildeman, Emile Auguste Joseph de;de Wildeman, Emile Auguste Joseph de;de Wildeman, Emile Auguste Joseph de;de Wildeman, Emile Auguste Joseph de;de Wildeman, Emile Auguste Joseph de;de Wildeman, Emile Auguste Joseph de;de Wildeman, Emile Auguste Joseph de;de Wildeman, Emile Auguste Joseph de;de Wildeman, Emile Auguste Joseph de;de Wildeman, Emile Auguste Joseph de;de Wildeman, Emile Auguste Joseph de;de Wildeman, Emile Auguste Joseph de;de Wildeman, Emile Auguste Joseph de;de Wildeman, Emile Auguste Joseph de;de Wildeman, Emile Auguste Joseph de;de Wildeman, Emile Auguste Joseph de;de Wildeman, Emile Auguste Joseph de;de Wildeman, Emile Auguste Joseph de;de Wildeman, Emile Auguste Joseph de;de Wildeman, Emile Auguste Joseph de;de Wildeman, Emile Auguste Joseph de;de Wildeman, Emile Auguste Joseph de;de Wildeman, Emile Auguste Joseph de;de Wildeman, Emile Auguste Joseph de;de Wildeman, Emile Auguste Joseph de;de Wildeman, Emile Auguste Joseph de;de Wildeman, Emile Auguste Joseph de;de Wildeman, Emile Auguste Joseph de
E  A  J  de de Wildeman;E  A  J  de de Wildeman;E  A  J  de de Wildeman;E  A  J  de de Wildeman;E  A  J  de de Wildeman;E  A  J  de de Wildeman;E  A  J  de de Wildeman;E  A  J  de de Wildeman;E  A  J  de de Wildeman;E  A  J  de de Wildeman;E  A  J  de de Wildeman;E  A  J  de de Wildeman;E  A  J  de de Wildeman;E  A  J  de de Wildeman;E  A  J  de de Wildeman;E  A  J  de de Wildeman;E  A  J  de de Wildeman;E  A  J  de de Wildeman;E  A  J  de de Wildeman;E  A  J  de de Wildeman;E  A  J  de de Wildeman;E  A  J  de de Wildeman;E  A  J  de de Wildeman;E  A  J  de de Wildeman;E  A  J  de de Wildeman;E  A  J  de de Wildeman;E  A  J  de de Wildeman;E  A  J  de de Wildeman;E  A  J  de de Wildeman;E  A  J  de de Wildeman;E  A  J  de de Wildeman;E  A  J  de de Wildeman;E  A  J  de de Wildeman;E  A  J  de de Wildeman;E  A  J  de de Wildeman;E  A  J  de de Wildeman;E  A  J  de de Wildeman;E  A  J  de de Wildeman;E  A  J  de de Wildeman;E  A  J  de de Wildeman;E  A  J  de de Wildeman;E  A  J  de de Wildeman
;E  A  J  de Wildeman;E  A  J  de Wildeman;E  A  J  de Wildeman;E  A  J  de Wildeman;E  A  J  de Wildeman;E  A  J  de Wildeman;E  A  J  de Wildeman;E  A  J  de Wildeman;E  A  J  de Wildeman;E  A  J  de Wildeman;E  A  J  de Wildeman;E  A  J  de Wildeman;E  A  J  de Wildeman;E  A  J  de Wildeman;E  A  J  de Wildeman;E  A  J  de Wildeman;E  A  J  de Wildeman;E  A  J  de Wildeman;E  A  J  de Wildeman;E  A  J  de Wildeman;E  A  J  de Wildeman;E  A  J  de Wildeman;E  A  J  de Wildeman;E  A  J  de Wildeman;E  A  J  de Wildeman;E  A  J  de Wildeman;E  A  J  de Wildeman;E  A  J  de Wildeman;E  A  J  de Wildeman;E  A  J  de Wildeman;E  A  J  de Wildeman;E  A  J  de Wildeman;E  A  J  de Wildeman;E  A  J  de Wildeman;E  A  J  de Wildeman;Wildeman, EAJ de;;;;;
;E  H  Wilder;E  H  Wilder;E  H  Wilder;E  H  Wilder;E  H  Wilder;E  H  Wilder;E  H  Wilder;E  H  Wilder;E  H  Wilder;E  H  Wilder;E  H  Wilder;E  H  Wilder;E  H  Wilder;E  H  Wilder;E  H  Wilder;E  H  Wilder;E  H  Wilder;E  H  Wilder;E  H  Wilder;E  H  Wilder;E  H  Wilder;E  H  Wilder;E  H  Wilder;E  H  Wilder;E  H  Wilder;E  H  Wilder;E  H  Wilder;E  H  Wilder;E  H  Wilder;E  H  Wilder;E  H  Wilder;E  H  Wilder;E  H  Wilder;Wilder, EH ;;;;;;;
;E  Wilde;E  Wilde;E  Wilde;E  Wilde;E  Wilde;E  Wilde;E  Wilde;E  Wilde;E  Wilde;E  Wilde;E  Wilde;E  Wilde;E  Wilde;E  Wilde;E  Wilde;E  Wilde;E  Wilde;E  Wilde;E  Wilde;E  Wilde;E  Wilde;E  Wilde;E  Wilde;E  Wilde;E  Wilde;E  Wilde;E  Wilde;E  Wilde;E  Wilde;E  Wilde;E  Wilde;Wilde, E ;;;;;;;;;
;Earle Irving Wilde;Earle Irving Wilde;Earle Irving Wilde;Earle Irving Wilde;Earle Irving Wilde;Earle Irving Wilde;Earle Irving Wilde;Earle Irving Wilde;Earle Irving Wilde;Earle Irving Wilde;Earle Irving Wilde;Earle Irving Wilde;Earle Irving Wilde;Earle Irving Wilde;Earle Irving Wilde;Earle Irving Wilde;Earle Irving Wilde;Earle Irving Wilde;Earle Irving Wilde;Earle Irving Wilde;Earle Irving Wilde;Earle Irving Wilde;Earle Irving Wilde;Earle Irving Wilde;Earle Irving Wilde;Earle Irving Wilde;Wilde, EI;;;;;;;;;;;;;;
écuyer [=esquire] Jacques Marie Henri Joseph Raymond de Wilde (d'Estmael);écuyer [=esquire] Jacques Marie Henri Joseph Raymond de Wilde (d'Estmael);écuyer [=esquire] Jacques Marie Henri Joseph Raymond de Wilde (d'Estmael);écuyer [=esquire] Jacques Marie Henri Joseph Raymond de Wilde (d'Estmael);écuyer [=esquire] Jacques Marie Henri Joseph Raymond de Wilde (d'Estmael);écuyer [=esquire] Jacques Marie Henri Joseph Raymond de Wilde (d'Estmael);écuyer [=esquire] Jacques Marie Henri Joseph Raymond de Wilde (d'Estmael);écuyer [=esquire] Jacques Marie Henri Joseph Raymond de Wilde (d'Estmael);écuyer [=esquire] Jacques Marie Henri Joseph Raymond de Wilde (d'Estmael);écuyer [=esquire] Jacques Marie Henri Joseph Raymond de Wilde (d'Estmael);écuyer [=esquire] Jacques Marie Henri Joseph Raymond de Wilde (d'Estmael);écuyer [=esquire] Jacques Marie Henri Joseph Raymond de Wilde (d'Estmael);écuyer [=esquire] Jacques Marie Henri Joseph Raymond de Wilde (d'Estmael);écuyer [=esquire] Jacques Marie Henri Joseph Raymond de Wilde (d'Estmael);écuyer [=esquire] Jacques Marie Henri Joseph Raymond de Wilde (d'Estmael);écuyer [=esquire] Jacques Marie Henri Joseph Raymond de Wilde (d'Estmael);écuyer [=esquire] Jacques Marie Henri Joseph Raymond de Wilde (d'Estmael);écuyer [=esquire] Jacques Marie Henri Joseph Raymond de Wilde (d'Estmael);écuyer [=esquire] Jacques Marie Henri Joseph Raymond de Wilde (d'Estmael);écuyer [=esquire] Jacques Marie Henri Joseph Raymond de Wilde (d'Estmael);écuyer [=esquire] Jacques Marie Henri Joseph Raymond de Wilde (d'Estmael);écuyer [=esquire] Jacques Marie Henri Joseph Raymond de Wilde (d'Estmael);écuyer [=esquire] Jacques Marie Henri Joseph Raymond de Wilde (d'Estmael);écuyer [=esquire] Jacques Marie Henri Joseph Raymond de Wilde (d'Estmael);écuyer [=esquire] Jacques Marie Henri Joseph Raymond de Wilde (d'Estmael);écuyer [=esquire] Jacques Marie Henri Joseph Raymond de Wilde (d'Estmael);écuyer [=esquire] Jacques Marie Henri Joseph Raymond de Wilde (d'Estmael);écuyer [=esquire] Jacques Marie Henri Joseph Raymond de Wilde (d'Estmael);écuyer [=esquire] Jacques Marie Henri Joseph Raymond de Wilde (d'Estmael);écuyer [=esquire] Jacques Marie Henri Joseph Raymond de Wilde (d'Estmael);écuyer [=esquire] Jacques Marie Henri Joseph Raymond de Wilde (d'Estmael);écuyer [=esquire] Jacques Marie Henri Joseph Raymond de Wilde (d'Estmael);écuyer [=esquire] Jacques Marie Henri Joseph Raymond de Wilde (d'Estmael);écuyer [=esquire] Jacques Marie Henri Joseph Raymond de Wilde (d'Estmael);écuyer [=esquire] Jacques Marie Henri Joseph Raymond de Wilde (d'Estmael);écuyer [=esquire] Jacques Marie Henri Joseph Raymond de Wilde (d'Estmael);écuyer [=esquire] Jacques Marie Henri Joseph Raymond de Wilde (d'Estmael);écuyer [=esquire] Jacques Marie Henri Joseph Raymond de Wilde (d'Estmael);écuyer [=esquire] Jacques Marie Henri Joseph Raymond de Wilde (d'Estmael);écuyer [=esquire] Jacques Marie Henri Joseph Raymond de Wilde (d'Estmael);écuyer [=esquire] Jacques Marie Henri Joseph Raymond de Wilde (d'Estmael);écuyer [=esquire] Jacques Marie Henri Joseph Raymond de Wilde (d'Estmael)
(e) Joseph de Wildeman;Emile August(e) Joseph de Wildeman;Emile August(e) Joseph de Wildeman;Emile August(e) Joseph de Wildeman;Emile August(e) Joseph de Wildeman;Emile August(e) Joseph de Wildeman;Emile August(e) Joseph de Wildeman;Emile August(e) Joseph de Wildeman;Emile August(e) Joseph de Wildeman;Emile August(e) Joseph de Wildeman;Emile August(e) Joseph de Wildeman;Emile August(e) Joseph de Wildeman;Emile August(e) Joseph de Wildeman;Emile August(e) Joseph de Wildeman;Emile August(e) Joseph de Wildeman;Emile August(e) Joseph de Wildeman;Emile August(e) Joseph de Wildeman;Emile August(e) Joseph de Wildeman;Emile August(e) Joseph de Wildeman;Emile August(e) Joseph de Wildeman;Emile August(e) Joseph de Wildeman;Emile August(e) Joseph de Wildeman;Emile August(e) Joseph de Wildeman;Emile August(e) Joseph de Wildeman;Emile August(e) Joseph de Wildeman;Emile August(e) Joseph de Wildeman;Emile August(e) Joseph de Wildeman;Emile August(e) Joseph de Wildeman;Emile August(e) Joseph de Wildeman;Emile August(e) Joseph de Wildeman;Emile August(e) Joseph de Wildeman;August, E(e) Joseph de Wildeman;(e) Joseph de Wildeman;(e) Joseph de Wildeman;(e) Joseph de Wildeman;(e) Joseph de Wildeman;(e) Joseph de Wildeman;(e) Joseph de Wildeman;(e) Joseph de Wildeman;(e) Joseph de Wildeman;(e) Joseph de Wildeman;(e) Joseph de Wildeman
;F  Wilder;F  Wilder;F  Wilder;F  Wilder;F  Wilder;F  Wilder;F  Wilder;F  Wilder;F  Wilder;F  Wilder;F  Wilder;F  Wilder;F  Wilder;F  Wilder;F  Wilder;F  Wilder;F  Wilder;F  Wilder;F  Wilder;F  Wilder;F  Wilder;F  Wilder;F  Wilder;F  Wilder;F  Wilder;F  Wilder;F  Wilder;F  Wilder;F  Wilder;F  Wilder;F  Wilder;Wilder, F ;;;;;;;;;
;Frederick Wilder;Frederick Wilder;Frederick Wilder;Frederick Wilder;Frederick Wilder;Frederick Wilder;Frederick Wilder;Frederick Wilder;Frederick Wilder;Frederick Wilder;Frederick Wilder;Frederick Wilder;Frederick Wilder;Frederick Wilder;Frederick Wilder;Frederick Wilder;Frederick Wilder;Frederick Wilder;Frederick Wilder;Frederick Wilder;Frederick Wilder;Frederick Wilder;Frederick Wilder;Frederick Wilder;Frederick Wilder;Frederick Wilder;Frederick Wilder;Frederick Wilder;Frederick Wilder;Frederick Wilder;Wilder, F;;;;;;;;;;
;G  D  Wilder;G  D  Wilder;G  D  Wilder;G  D  Wilder;G  D  Wilder;G  D  Wilder;G  D  Wilder;G  D  Wilder;G  D  Wilder;G  D  Wilder;G  D  Wilder;G  D  Wilder;G  D  Wilder;G  D  Wilder;G  D  Wilder;G  D  Wilder;G  D  Wilder;G  D  Wilder;G  D  Wilder;G  D  Wilder;G  D  Wilder;G  D  Wilder;G  D  Wilder;G  D  Wilder;G  D  Wilder;G  D  Wilder;G  D  Wilder;G  D  Wilder;G  D  Wilder;G  D  Wilder;G  D  Wilder;G  D  Wilder;G  D  Wilder;Wilder, GD ;;;;;;;
;G  J  Wilder;G  J  Wilder;G  J  Wilder;G  J  Wilder;G  J  Wilder;G  J  Wilder;G  J  Wilder;G  J  Wilder;G  J  Wilder;G  J  Wilder;G  J  Wilder;G  J  Wilder;G  J  Wilder;G  J  Wilder;G  J  Wilder;G  J  Wilder;G  J  Wilder;G  J  Wilder;G  J  Wilder;G  J  Wilder;G  J  Wilder;G  J  Wilder;G  J  Wilder;G  J  Wilder;G  J  Wilder;G  J  Wilder;G  J  Wilder;G  J  Wilder;G  J  Wilder;G  J  Wilder;G  J  Wilder;G  J  Wilder;G  J  Wilder;Wilder, GJ ;;;;;;;
;G  J  Wilder;G  J  Wilder;G  J  Wilder;G  J  Wilder;G  J  Wilder;G  J  Wilder;G  J  Wilder;G  J  Wilder;G  J  Wilder;G  J  Wilder;G  J  Wilder;G  J  Wilder;G  J  Wilder;G  J  Wilder;G  J  Wilder;G  J  Wilder;G  J  Wilder;G  J  Wilder;G  J  Wilder;G  J  Wilder;G  J  Wilder;G  J  Wilder;G  J  Wilder;G  J  Wilder;G  J  Wilder;G  J  Wilder;G  J  Wilder;G  J  Wilder;G  J  Wilder;G  J  Wilder;G  J  Wilder;G  J  Wilder;G  J  Wilder;Wilder, GJ ;;;;;;;
;G  P  Wilder;G  P  Wilder;G  P  Wilder;G  P  Wilder;G  P  Wilder;G  P  Wilder;G  P  Wilder;G  P  Wilder;G  P  Wilder;G  P  Wilder;G  P  Wilder;G  P  Wilder;G  P  Wilder;G  P  Wilder;G  P  Wilder;G  P  Wilder;G  P  Wilder;G  P  Wilder;G  P  Wilder;G  P  Wilder;G  P  Wilder;G  P  Wilder;G  P  Wilder;G  P  Wilder;G  P  Wilder;G  P  Wilder;G  P  Wilder;G  P  Wilder;G  P  Wilder;G  P  Wilder;G  P  Wilder;G  P  Wilder;G  P  Wilder;Wilder, GP ;;;;;;;
 Wilder;H  Van Wilder;H  Van Wilder;H  Van Wilder;H  Van Wilder;H  Van Wilder;H  Van Wilder;H  Van Wilder;H  Van Wilder;H  Van Wilder;H  Van Wilder;H  Van Wilder;H  Van Wilder;H  Van Wilder;H  Van Wilder;H  Van Wilder;H  Van Wilder;H  Van Wilder;H  Van Wilder;H  Van Wilder;H  Van Wilder;H  Van Wilder;H  Van Wilder;H  Van Wilder;H  Van Wilder;H  Van Wilder;H  Van Wilder;H  Van Wilder;H  Van Wilder;H  Van Wilder;H  Van Wilder;H  Van Wilder;Van, H  Wilder; Wilder; Wilder; Wilder; Wilder; Wilder; Wilder; Wilder; Wilder; Wilder
;J  de Wilde;J  de Wilde;J  de Wilde;J  de Wilde;J  de Wilde;J  de Wilde;J  de Wilde;J  de Wilde;J  de Wilde;J  de Wilde;J  de Wilde;J  de Wilde;J  de Wilde;J  de Wilde;J  de Wilde;J  de Wilde;J  de Wilde;J  de Wilde;J  de Wilde;J  de Wilde;J  de Wilde;J  de Wilde;J  de Wilde;J  de Wilde;J  de Wilde;J  de Wilde;J  de Wilde;J  de Wilde;J  de Wilde;J  de Wilde;J  de Wilde;Wilde, J de;;;;;;;;;
;J  J  de Wilde;J  J  de Wilde;J  J  de Wilde;J  J  de Wilde;J  J  de Wilde;J  J  de Wilde;J  J  de Wilde;J  J  de Wilde;J  J  de Wilde;J  J  de Wilde;J  J  de Wilde;J  J  de Wilde;J  J  de Wilde;J  J  de Wilde;J  J  de Wilde;J  J  de Wilde;J  J  de Wilde;J  J  de Wilde;J  J  de Wilde;J  J  de Wilde;J  J  de Wilde;J  J  de Wilde;J  J  de Wilde;J  J  de Wilde;J  J  de Wilde;J  J  de Wilde;J  J  de Wilde;J  J  de Wilde;J  J  de Wilde;J  J  de Wilde;J  J  de Wilde;J  J  de Wilde;J  J  de Wilde;Wilde, JJ de;;;;;;;
J  J  F  E  de Wilde;J  J  F  E  de Wilde;J  J  F  E  de Wilde;J  J  F  E  de Wilde;J  J  F  E  de Wilde;J  J  F  E  de Wilde;J  J  F  E  de Wilde;J  J  F  E  de Wilde;J  J  F  E  de Wilde;J  J  F  E  de Wilde;J  J  F  E  de Wilde;J  J  F  E  de Wilde;J  J  F  E  de Wilde;J  J  F  E  de Wilde;J  J  F  E  de Wilde;J  J  F  E  de Wilde;J  J  F  E  de Wilde;J  J  F  E  de Wilde;J  J  F  E  de Wilde;J  J  F  E  de Wilde;J  J  F  E  de Wilde;J  J  F  E  de Wilde;J  J  F  E  de Wilde;J  J  F  E  de Wilde;J  J  F  E  de Wilde;J  J  F  E  de Wilde;J  J  F  E  de Wilde;J  J  F  E  de Wilde;J  J  F  E  de Wilde;J  J  F  E  de Wilde;J  J  F  E  de Wilde;J  J  F  E  de Wilde;J  J  F  E  de Wilde;J  J  F  E  de Wilde;J  J  F  E  de Wilde;J  J  F  E  de Wilde;J  J  F  E  de Wilde;J  J  F  E  de Wilde;J  J  F  E  de Wilde;J  J  F  E  de Wilde;J  J  F  E  de Wilde;J  J  F  E  de Wilde
J  J  F  E  de Wilde & A  G  Voorhoeve;J  J  F  E  de Wilde & A  G  Voorhoeve;J  J  F  E  de Wilde & A  G  Voorhoeve;J  J  F  E  de Wilde & A  G  Voorhoeve;J  J  F  E  de Wilde & A  G  Voorhoeve;J  J  F  E  de Wilde & A  G  Voorhoeve;J  J  F  E  de Wilde & A  G  Voorhoeve;J  J  F  E  de Wilde & A  G  Voorhoeve;J  J  F  E  de Wilde & A  G  Voorhoeve;J  J  F  E  de Wilde & A  G  Voorhoeve;J  J  F  E  de Wilde & A  G  Voorhoeve;J  J  F  E  de Wilde & A  G  Voorhoeve;J  J  F  E  de Wilde & A  G  Voorhoeve;J  J  F  E  de Wilde & A  G  Voorhoeve;J  J  F  E  de Wilde & A  G  Voorhoeve;J  J  F  E  de Wilde & A  G  Voorhoeve;J  J  F  E  de Wilde & A  G  Voorhoeve;J  J  F  E  de Wilde & A  G  Voorhoeve;J  J  F  E  de Wilde & A  G  Voorhoeve;J  J  F  E  de Wilde & A  G  Voorhoeve;J  J  F  E  de Wilde & A  G  Voorhoeve;J  J  F  E  de Wilde & A  G  Voorhoeve;J  J  F  E  de Wilde & A  G  Voorhoeve;J  J  F  E  de Wilde & A  G  Voorhoeve;J  J  F  E  de Wilde & A  G  Voorhoeve;J  J  F  E  de Wilde & A  G  Voorhoeve;J  J  F  E  de Wilde & A  G  Voorhoeve;J  J  F  E  de Wilde & A  G  Voorhoeve;J  J  F  E  de Wilde & A  G  Voorhoeve;J  J  F  E  de Wilde & A  G  Voorhoeve;J  J  F  E  de Wilde & A  G  Voorhoeve;J  J  F  E  de Wilde & A  G  Voorhoeve;J  J  F  E  de Wilde & A  G  Voorhoeve;J  J  F  E  de Wilde & A  G  Voorhoeve;J  J  F  E  de Wilde & A  G  Voorhoeve;J  J  F  E  de Wilde & A  G  Voorhoeve;J  J  F  E  de Wilde & A  G  Voorhoeve;J  J  F  E  de Wilde & A  G  Voorhoeve;J  J  F  E  de Wilde & A  G  Voorhoeve;J  J  F  E  de Wilde & A  G  Voorhoeve;J  J  F  E  de Wilde & A  G  Voorhoeve;J  J  F  E  de Wilde & A  G  Voorhoeve
J  J  F  E  de Wilde & A  J  M  Leeuwenberg;J  J  F  E  de Wilde & A  J  M  Leeuwenberg;J  J  F  E  de Wilde & A  J  M  Leeuwenberg;J  J  F  E  de Wilde & A  J  M  Leeuwenberg;J  J  F  E  de Wilde & A  J  M  Leeuwenberg;J  J  F  E  de Wilde & A  J  M  Leeuwenberg;J  J  F  E  de Wilde & A  J  M  Leeuwenberg;J  J  F  E  de Wilde & A  J  M  Leeuwenberg;J  J  F  E  de Wilde & A  J  M  Leeuwenberg;J  J  F  E  de Wilde & A  J  M  Leeuwenberg;J  J  F  E  de Wilde & A  J  M  Leeuwenberg;J  J  F  E  de Wilde & A  J  M  Leeuwenberg;J  J  F  E  de Wilde & A  J  M  Leeuwenberg;J  J  F  E  de Wilde & A  J  M  Leeuwenberg;J  J  F  E  de Wilde & A  J  M  Leeuwenberg;J  J  F  E  de Wilde & A  J  M  Leeuwenberg;J  J  F  E  de Wilde & A  J  M  Leeuwenberg;J  J  F  E  de Wilde & A  J  M  Leeuwenberg;J  J  F  E  de Wilde & A  J  M  Leeuwenberg;J  J  F  E  de Wilde & A  J  M  Leeuwenberg;J  J  F  E  de Wilde & A  J  M  Leeuwenberg;J  J  F  E  de Wilde & A  J  M  Leeuwenberg;J  J  F  E  de Wilde & A  J  M  Leeuwenberg;J  J  F  E  de Wilde & A  J  M  Leeuwenberg;J  J  F  E  de Wilde & A  J  M  Leeuwenberg;J  J  F  E  de Wilde & A  J  M  Leeuwenberg;J  J  F  E  de Wilde & A  J  M  Leeuwenberg;J  J  F  E  de Wilde & A  J  M  Leeuwenberg;J  J  F  E  de Wilde & A  J  M  Leeuwenberg;J  J  F  E  de Wilde & A  J  M  Leeuwenberg;J  J  F  E  de Wilde & A  J  M  Leeuwenberg;J  J  F  E  de Wilde & A  J  M  Leeuwenberg;J  J  F  E  de Wilde & A  J  M  Leeuwenberg;J  J  F  E  de Wilde & A  J  M  Leeuwenberg;J  J  F  E  de Wilde & A  J  M  Leeuwenberg;J  J  F  E  de Wilde & A  J  M  Leeuwenberg;J  J  F  E  de Wilde & A  J  M  Leeuwenberg;J  J  F  E  de Wilde & A  J  M  Leeuwenberg;J  J  F  E  de Wilde & A  J  M  Leeuwenberg;J  J  F  E  de Wilde & A  J  M  Leeuwenberg;J  J  F  E  de Wilde & A  J  M  Leeuwenberg;J  J  F  E  de Wilde & A  J  M  Leeuwenberg
J  J  F  E  de Wilde & M  G  Gilbert;J  J  F  E  de Wilde & M  G  Gilbert;J  J  F  E  de Wilde & M  G  Gilbert;J  J  F  E  de Wilde & M  G  Gilbert;J  J  F  E  de Wilde & M  G  Gilbert;J  J  F  E  de Wilde & M  G  Gilbert;J  J  F  E  de Wilde & M  G  Gilbert;J  J  F  E  de Wilde & M  G  Gilbert;J  J  F  E  de Wilde & M  G  Gilbert;J  J  F  E  de Wilde & M  G  Gilbert;J  J  F  E  de Wilde & M  G  Gilbert;J  J  F  E  de Wilde & M  G  Gilbert;J  J  F  E  de Wilde & M  G  Gilbert;J  J  F  E  de Wilde & M  G  Gilbert;J  J  F  E  de Wilde & M  G  Gilbert;J  J  F  E  de Wilde & M  G  Gilbert;J  J  F  E  de Wilde & M  G  Gilbert;J  J  F  E  de Wilde & M  G  Gilbert;J  J  F  E  de Wilde & M  G  Gilbert;J  J  F  E  de Wilde & M  G  Gilbert;J  J  F  E  de Wilde & M  G  Gilbert;J  J  F  E  de Wilde & M  G  Gilbert;J  J  F  E  de Wilde & M  G  Gilbert;J  J  F  E  de Wilde & M  G  Gilbert;J  J  F  E  de Wilde & M  G  Gilbert;J  J  F  E  de Wilde & M  G  Gilbert;J  J  F  E  de Wilde & M  G  Gilbert;J  J  F  E  de Wilde & M  G  Gilbert;J  J  F  E  de Wilde & M  G  Gilbert;J  J  F  E  de Wilde & M  G  Gilbert;J  J  F  E  de Wilde & M  G  Gilbert;J  J  F  E  de Wilde & M  G  Gilbert;J  J  F  E  de Wilde & M  G  Gilbert;J  J  F  E  de Wilde & M  G  Gilbert;J  J  F  E  de Wilde & M  G  Gilbert;J  J  F  E  de Wilde & M  G  Gilbert;J  J  F  E  de Wilde & M  G  Gilbert;J  J  F  E  de Wilde & M  G  Gilbert;J  J  F  E  de Wilde & M  G  Gilbert;J  J  F  E  de Wilde & M  G  Gilbert;J  J  F  E  de Wilde & M  G  Gilbert;J  J  F  E  de Wilde & M  G  Gilbert
J  M  H  J  R  de Wilde;J  M  H  J  R  de Wilde;J  M  H  J  R  de Wilde;J  M  H  J  R  de Wilde;J  M  H  J  R  de Wilde;J  M  H  J  R  de Wilde;J  M  H  J  R  de Wilde;J  M  H  J  R  de Wilde;J  M  H  J  R  de Wilde;J  M  H  J  R  de Wilde;J  M  H  J  R  de Wilde;J  M  H  J  R  de Wilde;J  M  H  J  R  de Wilde;J  M  H  J  R  de Wilde;J  M  H  J  R  de Wilde;J  M  H  J  R  de Wilde;J  M  H  J  R  de Wilde;J  M  H  J  R  de Wilde;J  M  H  J  R  de Wilde;J  M  H  J  R  de Wilde;J  M  H  J  R  de Wilde;J  M  H  J  R  de Wilde;J  M  H  J  R  de Wilde;J  M  H  J  R  de Wilde;J  M  H  J  R  de Wilde;J  M  H  J  R  de Wilde;J  M  H  J  R  de Wilde;J  M  H  J  R  de Wilde;J  M  H  J  R  de Wilde;J  M  H  J  R  de Wilde;J  M  H  J  R  de Wilde;J  M  H  J  R  de Wilde;J  M  H  J  R  de Wilde;J  M  H  J  R  de Wilde;J  M  H  J  R  de Wilde;J  M  H  J  R  de Wilde;J  M  H  J  R  de Wilde;J  M  H  J  R  de Wilde;J  M  H  J  R  de Wilde;J  M  H  J  R  de Wilde;J  M  H  J  R  de Wilde;J  M  H  J  R  de Wilde
;J  Wilde;J  Wilde;J  Wilde;J  Wilde;J  Wilde;J  Wilde;J  Wilde;J  Wilde;J  Wilde;J  Wilde;J  Wilde;J  Wilde;J  Wilde;J  Wilde;J  Wilde;J  Wilde;J  Wilde;J  Wilde;J  Wilde;J  Wilde;J  Wilde;J  Wilde;J  Wilde;J  Wilde;J  Wilde;J  Wilde;J  Wilde;J  Wilde;J  Wilde;J  Wilde;J  Wilde;Wilde, J ;;;;;;;;;
 de Wilde;Jan Jacobus Friedrich Egmond de Wilde;Jan Jacobus Friedrich Egmond de Wilde;Jan Jacobus Friedrich Egmond de Wilde;Jan Jacobus Friedrich Egmond de Wilde;Jan Jacobus Friedrich Egmond de Wilde;Jan Jacobus Friedrich Egmond de Wilde;Jan Jacobus Friedrich Egmond de Wilde;Jan Jacobus Friedrich Egmond de Wilde;Jan Jacobus Friedrich Egmond de Wilde;Jan Jacobus Friedrich Egmond de Wilde;Jan Jacobus Friedrich Egmond de Wilde;Jan Jacobus Friedrich Egmond de Wilde;Jan Jacobus Friedrich Egmond de Wilde;Jan Jacobus Friedrich Egmond de Wilde;Jan Jacobus Friedrich Egmond de Wilde;Jan Jacobus Friedrich Egmond de Wilde;Jan Jacobus Friedrich Egmond de Wilde;Jan Jacobus Friedrich Egmond de Wilde;Jan Jacobus Friedrich Egmond de Wilde;Jan Jacobus Friedrich Egmond de Wilde;Jan Jacobus Friedrich Egmond de Wilde;Jan Jacobus Friedrich Egmond de Wilde;Jan Jacobus Friedrich Egmond de Wilde;Jan Jacobus Friedrich Egmond de Wilde;Egmond, JJF de Wilde; de Wilde; de Wilde; de Wilde; de Wilde; de Wilde; de Wilde; de Wilde; de Wilde; de Wilde; de Wilde; de Wilde; de Wilde; de Wilde; de Wilde; de Wilde; de Wilde
& de Wilde, Willem Jan Jacobus Oswald;Jeffrey, Charles & de Wilde, Willem Jan Jacobus Oswald;Jeffrey, Charles & de Wilde, Willem Jan Jacobus Oswald;Jeffrey, Charles & de Wilde, Willem Jan Jacobus Oswald;Jeffrey, Charles & de Wilde, Willem Jan Jacobus Oswald;Jeffrey, C & de Wilde, Willem Jan Jacobus Oswald;& de Wilde, Willem Jan Jacobus Oswald;& de Wilde, Willem Jan Jacobus Oswald;& de Wilde, Willem Jan Jacobus Oswald;& de Wilde, Willem Jan Jacobus Oswald;& de Wilde, Willem Jan Jacobus Oswald;& de Wilde, Willem Jan Jacobus Oswald;& de Wilde, Willem Jan Jacobus Oswald;& de Wilde, Willem Jan Jacobus Oswald;& de Wilde, Willem Jan Jacobus Oswald;& de Wilde, Willem Jan Jacobus Oswald;& de Wilde, Willem Jan Jacobus Oswald;& de Wilde, Willem Jan Jacobus Oswald;& de Wilde, Willem Jan Jacobus Oswald;& de Wilde, Willem Jan Jacobus Oswald;& de Wilde, Willem Jan Jacobus Oswald;& de Wilde, Willem Jan Jacobus Oswald;& de Wilde, Willem Jan Jacobus Oswald;& de Wilde, Willem Jan Jacobus Oswald;& de Wilde, Willem Jan Jacobus Oswald;& de Wilde, Willem Jan Jacobus Oswald;& de Wilde, Willem Jan Jacobus Oswald;& de Wilde, Willem Jan Jacobus Oswald;& de Wilde, Willem Jan Jacobus Oswald;& de Wilde, Willem Jan Jacobus Oswald;& de Wilde, Willem Jan Jacobus Oswald;& de Wilde, Willem Jan Jacobus Oswald;& de Wilde, Willem Jan Jacobus Oswald;& de Wilde, Willem Jan Jacobus Oswald;& de Wilde, Willem Jan Jacobus Oswald;& de Wilde, Willem Jan Jacobus Oswald;& de Wilde, Willem Jan Jacobus Oswald;& de Wilde, Willem Jan Jacobus Oswald;& de Wilde, Willem Jan Jacobus Oswald;& de Wilde, Willem Jan Jacobus Oswald;& de Wilde, Willem Jan Jacobus Oswald;& de Wilde, Willem Jan Jacobus Oswald
;Julius Wilde;Julius Wilde;Julius Wilde;Julius Wilde;Julius Wilde;Julius Wilde;Julius Wilde;Julius Wilde;Julius Wilde;Julius Wilde;Julius Wilde;Julius Wilde;Julius Wilde;Julius Wilde;Julius Wilde;Julius Wilde;Julius Wilde;Julius Wilde;Julius Wilde;Julius Wilde;Julius Wilde;Julius Wilde;Julius Wilde;Julius Wilde;Julius Wilde;Julius Wilde;Julius Wilde;Julius Wilde;Julius Wilde;Julius Wilde;Wilde, J;;;;;;;;;;
Mrs  A  D  Wilde;Mrs  A  D  Wilde;Mrs  A  D  Wilde;Mrs  A  D  Wilde;Mrs  A  D  Wilde;Mrs  A  D  Wilde;Mrs  A  D  Wilde;Mrs  A  D  Wilde;Mrs  A  D  Wilde;Mrs  A  D  Wilde;Mrs  A  D  Wilde;Mrs  A  D  Wilde;Mrs  A  D  Wilde;Mrs  A  D  Wilde;Mrs  A  D  Wilde;Mrs  A  D  Wilde;Mrs  A  D  Wilde;Mrs  A  D  Wilde;Mrs  A  D  Wilde;Mrs  A  D  Wilde;Mrs  A  D  Wilde;Mrs  A  D  Wilde;Mrs  A  D  Wilde;Mrs  A  D  Wilde;Mrs  A  D  Wilde;Mrs  A  D  Wilde;Mrs  A  D  Wilde;Mrs  A  D  Wilde;Mrs  A  D  Wilde;Mrs  A  D  Wilde;Mrs  A  D  Wilde;Mrs  A  D  Wilde;Mrs  A  D  Wilde;Mrs  A  D  Wilde;Mrs  A  D  Wilde;Mrs  A  D  Wilde;Mrs  A  D  Wilde;Mrs  A  D  Wilde;Mrs  A  D  Wilde;Mrs  A  D  Wilde;Mrs  A  D  Wilde;Mrs  A  D  Wilde
 D  Wilde;Mrs  Albion D  Wilde;Mrs  Albion D  Wilde;Mrs  Albion D  Wilde;Mrs  Albion D  Wilde;Mrs  Albion D  Wilde;Mrs  Albion D  Wilde;Mrs  Albion D  Wilde;Mrs  Albion D  Wilde;Mrs  Albion D  Wilde;Mrs  Albion D  Wilde;Mrs  Albion D  Wilde;Mrs  Albion D  Wilde;Mrs  Albion D  Wilde;Mrs  Albion D  Wilde;Mrs  Albion D  Wilde;Mrs  Albion D  Wilde;Mrs  Albion D  Wilde;Mrs  Albion D  Wilde;Mrs  Albion D  Wilde;Mrs  Albion D  Wilde;Mrs  Albion D  Wilde;Mrs  Albion D  Wilde;Mrs  Albion D  Wilde;Mrs  Albion D  Wilde;Mrs  Albion D  Wilde;Mrs  Albion D  Wilde;Mrs  Albion D  Wilde;Mrs  Albion D  Wilde;Mrs  Albion D  Wilde;Albion, M  D  Wilde; D  Wilde; D  Wilde; D  Wilde; D  Wilde; D  Wilde; D  Wilde; D  Wilde; D  Wilde; D  Wilde; D  Wilde; D  Wilde
 D  Wilde;Mrs  Albion D  Wilde;Mrs  Albion D  Wilde;Mrs  Albion D  Wilde;Mrs  Albion D  Wilde;Mrs  Albion D  Wilde;Mrs  Albion D  Wilde;Mrs  Albion D  Wilde;Mrs  Albion D  Wilde;Mrs  Albion D  Wilde;Mrs  Albion D  Wilde;Mrs  Albion D  Wilde;Mrs  Albion D  Wilde;Mrs  Albion D  Wilde;Mrs  Albion D  Wilde;Mrs  Albion D  Wilde;Mrs  Albion D  Wilde;Mrs  Albion D  Wilde;Mrs  Albion D  Wilde;Mrs  Albion D  Wilde;Mrs  Albion D  Wilde;Mrs  Albion D  Wilde;Mrs  Albion D  Wilde;Mrs  Albion D  Wilde;Mrs  Albion D  Wilde;Mrs  Albion D  Wilde;Mrs  Albion D  Wilde;Mrs  Albion D  Wilde;Mrs  Albion D  Wilde;Mrs  Albion D  Wilde;Albion, M  D  Wilde; D  Wilde; D  Wilde; D  Wilde; D  Wilde; D  Wilde; D  Wilde; D  Wilde; D  Wilde; D  Wilde; D  Wilde; D  Wilde
;N  Wilder;N  Wilder;N  Wilder;N  Wilder;N  Wilder;N  Wilder;N  Wilder;N  Wilder;N  Wilder;N  Wilder;N  Wilder;N  Wilder;N  Wilder;N  Wilder;N  Wilder;N  Wilder;N  Wilder;N  Wilder;N  Wilder;N  Wilder;N  Wilder;N  Wilder;N  Wilder;N  Wilder;N  Wilder;N  Wilder;N  Wilder;N  Wilder;N  Wilder;N  Wilder;N  Wilder;Wilder, N ;;;;;;;;;
, A ;Neytzel de Wilde, A ;Neytzel de Wilde, A ;Neytzel de Wilde, A ;Neytzel de Wilde, A ;Neytzel de Wilde, A ;Neytzel de Wilde, A ;Neytzel de Wilde, A ;Neytzel de Wilde, A ;Neytzel de Wilde, A ;Neytzel de Wilde, A ;Neytzel de Wilde, A ;Neytzel de Wilde, A ;Neytzel de Wilde, A ;Neytzel de Wilde, A ;Neytzel de Wilde, A ;Neytzel de Wilde, A ;Neytzel de Wilde, A ;Neytzel de Wilde, A ;Neytzel de Wilde, A ;Neytzel de Wilde, A ;Neytzel de Wilde, A ;Neytzel de Wilde, A ;Neytzel de Wilde, A ;Neytzel de Wilde, A ;Neytzel de Wilde, A ;Neytzel de Wilde, A ;Neytzel de Wilde, A ;Neytzel de Wilde, A ;Neytzel de Wilde, A ;Wilde, N de, A ;, A ;, A ;, A ;, A ;, A ;, A ;, A ;, A ;, A ;, A ;, A 
Nicéa Maggessi Wilder;Nicéa Maggessi Wilder;Nicéa Maggessi Wilder;Nicéa Maggessi Wilder;Nicéa Maggessi Wilder;Nicéa Maggessi Wilder;Nicéa Maggessi Wilder;Nicéa Maggessi Wilder;Nicéa Maggessi Wilder;Nicéa Maggessi Wilder;Nicéa Maggessi Wilder;Nicéa Maggessi Wilder;Nicéa Maggessi Wilder;Nicéa Maggessi Wilder;Nicéa Maggessi Wilder;Nicéa Maggessi Wilder;Nicéa Maggessi Wilder;Nicéa Maggessi Wilder;Nicéa Maggessi Wilder;Nicéa Maggessi Wilder;Nicéa Maggessi Wilder;Nicéa Maggessi Wilder;Nicéa Maggessi Wilder;Nicéa Maggessi Wilder;Nicéa Maggessi Wilder;Nicéa Maggessi Wilder;Nicéa Maggessi Wilder;Nicéa Maggessi Wilder;Nicéa Maggessi Wilder;Nicéa Maggessi Wilder;Nicéa Maggessi Wilder;Nicéa Maggessi Wilder;Nicéa Maggessi Wilder;Nicéa Maggessi Wilder;Nicéa Maggessi Wilder;Nicéa Maggessi Wilder;Nicéa Maggessi Wilder;Nicéa Maggessi Wilder;Nicéa Maggessi Wilder;Nicéa Maggessi Wilder;Nicéa Maggessi Wilder;Nicéa Maggessi Wilder
;Norman Wilder;Norman Wilder;Norman Wilder;Norman Wilder;Norman Wilder;Norman Wilder;Norman Wilder;Norman Wilder;Norman Wilder;Norman Wilder;Norman Wilder;Norman Wilder;Norman Wilder;Norman Wilder;Norman Wilder;Norman Wilder;Norman Wilder;Norman Wilder;Norman Wilder;Norman Wilder;Norman Wilder;Norman Wilder;Norman Wilder;Norman Wilder;Norman Wilder;Norman Wilder;Norman Wilder;Norman Wilder;Norman Wilder;Norman Wilder;Wilder, N;;;;;;;;;;
P  A  W  J  de Wilde;P  A  W  J  de Wilde;P  A  W  J  de Wilde;P  A  W  J  de Wilde;P  A  W  J  de Wilde;P  A  W  J  de Wilde;P  A  W  J  de Wilde;P  A  W  J  de Wilde;P  A  W  J  de Wilde;P  A  W  J  de Wilde;P  A  W  J  de Wilde;P  A  W  J  de Wilde;P  A  W  J  de Wilde;P  A  W  J  de Wilde;P  A  W  J  de Wilde;P  A  W  J  de Wilde;P  A  W  J  de Wilde;P  A  W  J  de Wilde;P  A  W  J  de Wilde;P  A  W  J  de Wilde;P  A  W  J  de Wilde;P  A  W  J  de Wilde;P  A  W  J  de Wilde;P  A  W  J  de Wilde;P  A  W  J  de Wilde;P  A  W  J  de Wilde;P  A  W  J  de Wilde;P  A  W  J  de Wilde;P  A  W  J  de Wilde;P  A  W  J  de Wilde;P  A  W  J  de Wilde;P  A  W  J  de Wilde;P  A  W  J  de Wilde;P  A  W  J  de Wilde;P  A  W  J  de Wilde;P  A  W  J  de Wilde;P  A  W  J  de Wilde;P  A  W  J  de Wilde;P  A  W  J  de Wilde;P  A  W  J  de Wilde;P  A  W  J  de Wilde;P  A  W  J  de Wilde
;Patricia Wilder;Patricia Wilder;Patricia Wilder;Patricia Wilder;Patricia Wilder;Patricia Wilder;Patricia Wilder;Patricia Wilder;Patricia Wilder;Patricia Wilder;Patricia Wilder;Patricia Wilder;Patricia Wilder;Patricia Wilder;Patricia Wilder;Patricia Wilder;Patricia Wilder;Patricia Wilder;Patricia Wilder;Patricia Wilder;Patricia Wilder;Patricia Wilder;Patricia Wilder;Patricia Wilder;Patricia Wilder;Patricia Wilder;Patricia Wilder;Patricia Wilder;Patricia Wilder;Patricia Wilder;Wilder, P;;;;;;;;;;
, Nicéa Maggessi;Trindade Wilder, Nicéa Maggessi;Trindade Wilder, Nicéa Maggessi;Trindade Wilder, Nicéa Maggessi;Trindade Wilder, Nicéa Maggessi;Trindade Wilder, Nicéa Maggessi;Trindade Wilder, Nicéa Maggessi;Trindade Wilder, Nicéa Maggessi;Trindade Wilder, Nicéa Maggessi;Trindade Wilder, Nicéa Maggessi;Trindade Wilder, Nicéa Maggessi;Trindade Wilder, Nicéa Maggessi;Trindade Wilder, Nicéa Maggessi;Trindade Wilder, Nicéa Maggessi;Trindade Wilder, Nicéa Maggessi;Trindade Wilder, Nicéa Maggessi;Trindade Wilder, Nicéa Maggessi;Trindade Wilder, Nicéa Maggessi;Trindade Wilder, Nicéa Maggessi;Trindade Wilder, Nicéa Maggessi;Trindade Wilder, Nicéa Maggessi;Trindade Wilder, Nicéa Maggessi;Trindade Wilder, Nicéa Maggessi;Trindade Wilder, Nicéa Maggessi;Trindade Wilder, Nicéa Maggessi;Trindade Wilder, Nicéa Maggessi;Trindade Wilder, Nicéa Maggessi;Trindade Wilder, Nicéa Maggessi;Trindade Wilder, Nicéa Maggessi;Trindade Wilder, Nicéa Maggessi;Trindade Wilder, Nicéa Maggessi;Wilder, T, Nicéa Maggessi;, Nicéa Maggessi;, Nicéa Maggessi;, Nicéa Maggessi;, Nicéa Maggessi;, Nicéa Maggessi;, Nicéa Maggessi;, Nicéa Maggessi;, Nicéa Maggessi;, Nicéa Maggessi;, Nicéa Maggessi
;V  Wilde;V  Wilde;V  Wilde;V  Wilde;V  Wilde;V  Wilde;V  Wilde;V  Wilde;V  Wilde;V  Wilde;V  Wilde;V  Wilde;V  Wilde;V  Wilde;V  Wilde;V  Wilde;V  Wilde;V  Wilde;V  Wilde;V  Wilde;V  Wilde;V  Wilde;V  Wilde;V  Wilde;V  Wilde;V  Wilde;V  Wilde;V  Wilde;V  Wilde;V  Wilde;V  Wilde;Wilde, V ;;;;;;;;;
;V Wilde;V Wilde;V Wilde;V Wilde;V Wilde;V Wilde;V Wilde;V Wilde;V Wilde;V Wilde;V Wilde;V Wilde;V Wilde;V Wilde;V Wilde;V Wilde;V Wilde;V Wilde;V Wilde;V Wilde;V Wilde;V Wilde;V Wilde;V Wilde;V Wilde;V Wilde;V Wilde;V Wilde;V Wilde;V Wilde;V Wilde;V Wilde;Wilde, V;;;;;;;;
, H ;Van Wilder, H ;Van Wilder, H ;Van Wilder, H ;Van Wilder, H ;Van Wilder, H ;Van Wilder, H ;Van Wilder, H ;Van Wilder, H ;Van Wilder, H ;Van Wilder, H ;Van Wilder, H ;Van Wilder, H ;Van Wilder, H ;Van Wilder, H ;Van Wilder, H ;Van Wilder, H ;Van Wilder, H ;Van Wilder, H ;Van Wilder, H ;Van Wilder, H ;Van Wilder, H ;Van Wilder, H ;Van Wilder, H ;Van Wilder, H ;Van Wilder, H ;Van Wilder, H ;Van Wilder, H ;Van Wilder, H ;Van Wilder, H ;Van Wilder, H ;Wilder, V, H ;, H ;, H ;, H ;, H ;, H ;, H ;, H ;, H ;, H ;, H 
;Volker Wilde;Volker Wilde;Volker Wilde;Volker Wilde;Volker Wilde;Volker Wilde;Volker Wilde;Volker Wilde;Volker Wilde;Volker Wilde;Volker Wilde;Volker Wilde;Volker Wilde;Volker Wilde;Volker Wilde;Volker Wilde;Volker Wilde;Volker Wilde;Volker Wilde;Volker Wilde;Volker Wilde;Volker Wilde;Volker Wilde;Volker Wilde;Volker Wilde;Volker Wilde;Volker Wilde;Volker Wilde;Volker Wilde;Volker Wilde;Wilde, V;;;;;;;;;;
;W  J  de Wilde;W  J  de Wilde;W  J  de Wilde;W  J  de Wilde;W  J  de Wilde;W  J  de Wilde;W  J  de Wilde;W  J  de Wilde;W  J  de Wilde;W  J  de Wilde;W  J  de Wilde;W  J  de Wilde;W  J  de Wilde;W  J  de Wilde;W  J  de Wilde;W  J  de Wilde;W  J  de Wilde;W  J  de Wilde;W  J  de Wilde;W  J  de Wilde;W  J  de Wilde;W  J  de Wilde;W  J  de Wilde;W  J  de Wilde;W  J  de Wilde;W  J  de Wilde;W  J  de Wilde;W  J  de Wilde;W  J  de Wilde;W  J  de Wilde;W  J  de Wilde;W  J  de Wilde;W  J  de Wilde;Wilde, WJ de;;;;;;;
W  J  J  O  de Wilde;W  J  J  O  de Wilde;W  J  J  O  de Wilde;W  J  J  O  de Wilde;W  J  J  O  de Wilde;W  J  J  O  de Wilde;W  J  J  O  de Wilde;W  J  J  O  de Wilde;W  J  J  O  de Wilde;W  J  J  O  de Wilde;W  J  J  O  de Wilde;W  J  J  O  de Wilde;W  J  J  O  de Wilde;W  J  J  O  de Wilde;W  J  J  O  de Wilde;W  J  J  O  de Wilde;W  J  J  O  de Wilde;W  J  J  O  de Wilde;W  J  J  O  de Wilde;W  J  J  O  de Wilde;W  J  J  O  de Wilde;W  J  J  O  de Wilde;W  J  J  O  de Wilde;W  J  J  O  de Wilde;W  J  J  O  de Wilde;W  J  J  O  de Wilde;W  J  J  O  de Wilde;W  J  J  O  de Wilde;W  J  J  O  de Wilde;W  J  J  O  de Wilde;W  J  J  O  de Wilde;W  J  J  O  de Wilde;W  J  J  O  de Wilde;W  J  J  O  de Wilde;W  J  J  O  de Wilde;W  J  J  O  de Wilde;W  J  J  O  de Wilde;W  J  J  O  de Wilde;W  J  J  O  de Wilde;W  J  J  O  de Wilde;W  J  J  O  de Wilde;W  J  J  O  de Wilde
W  J  J  O  de Wilde;W  J  J  O  de Wilde;W  J  J  O  de Wilde;W  J  J  O  de Wilde;W  J  J  O  de Wilde;W  J  J  O  de Wilde;W  J  J  O  de Wilde;W  J  J  O  de Wilde;W  J  J  O  de Wilde;W  J  J  O  de Wilde;W  J  J  O  de Wilde;W  J  J  O  de Wilde;W  J  J  O  de Wilde;W  J  J  O  de Wilde;W  J  J  O  de Wilde;W  J  J  O  de Wilde;W  J  J  O  de Wilde;W  J  J  O  de Wilde;W  J  J  O  de Wilde;W  J  J  O  de Wilde;W  J  J  O  de Wilde;W  J  J  O  de Wilde;W  J  J  O  de Wilde;W  J  J  O  de Wilde;W  J  J  O  de Wilde;W  J  J  O  de Wilde;W  J  J  O  de Wilde;W  J  J  O  de Wilde;W  J  J  O  de Wilde;W  J  J  O  de Wilde;W  J  J  O  de Wilde;W  J  J  O  de Wilde;W  J  J  O  de Wilde;W  J  J  O  de Wilde;W  J  J  O  de Wilde;W  J  J  O  de Wilde;W  J  J  O  de Wilde;W  J  J  O  de Wilde;W  J  J  O  de Wilde;W  J  J  O  de Wilde;W  J  J  O  de Wilde;W  J  J  O  de Wilde
;W J de Wilde;W J de Wilde;W J de Wilde;W J de Wilde;W J de Wilde;W J de Wilde;W J de Wilde;W J de Wilde;W J de Wilde;W J de Wilde;W J de Wilde;W J de Wilde;W J de Wilde;W J de Wilde;W J de Wilde;W J de Wilde;W J de Wilde;W J de Wilde;W J de Wilde;W J de Wilde;W J de Wilde;W J de Wilde;W J de Wilde;W J de Wilde;W J de Wilde;W J de Wilde;W J de Wilde;W J de Wilde;W J de Wilde;W J de Wilde;W J de Wilde;W J de Wilde;W J de Wilde;Wilde, WJ de;;;;;;;
 ;Wilde, Albion D , Mrs ;Wilde, Albion D , Mrs ;Wilde, Albion D , Mrs ;Wilde, Albion D , Mrs ;Wilde, A D , Mrs ;D , Mrs ;D , Mrs ;D , Mrs ;D , Mrs ;D , Mrs ;D , Mrs ;D , Mrs ;D , Mrs ;D , Mrs ;D , Mrs ;D , Mrs ;D , Mrs ;D , Mrs ;D , Mrs ;D , Mrs ;D , Mrs ;D , Mrs ;D , Mrs ;D , Mrs ;D , Mrs ;D , Mrs ;D , Mrs ;D , Mrs ;D , Mrs ;D , Mrs ;D , Mrs ;Mrs, D  ; ; ; ; ; ; ; ; ; 
é Gerard de;Wilde, André Gerard de;Wilde, André Gerard de;Wilde, André Gerard de;Wilde, André Gerard de;Wilde, André Gerard de;Wilde, Aé Gerard de;é Gerard de;é Gerard de;é Gerard de;é Gerard de;é Gerard de;é Gerard de;é Gerard de;é Gerard de;é Gerard de;é Gerard de;é Gerard de;é Gerard de;é Gerard de;é Gerard de;é Gerard de;é Gerard de;é Gerard de;é Gerard de;é Gerard de;é Gerard de;é Gerard de;é Gerard de;é Gerard de;é Gerard de;é Gerard de;é Gerard de;é Gerard de;é Gerard de;é Gerard de;é Gerard de;é Gerard de;é Gerard de;é Gerard de;é Gerard de;é Gerard de
;Wilde, Arend de;Wilde, Arend de;Wilde, Arend de;Wilde, Arend de;Wilde, A de;;;;;;;;;;;;;;;;;;;;;;;;;;;;;;;;;;;;
C ;Wilde, Brendan C ;Wilde, Brendan C ;Wilde, Brendan C ;Wilde, Brendan C ;Wilde, B C ;C ;C ;C ;C ;C ;C ;C ;C ;C ;C ;C ;C ;C ;C ;C ;C ;C ;C ;C ;C ;C ;C ;C ;C ;C ;C ;C ;C ;C ;C ;C ;C ;C ;C ;C ;C 
;Wilde, BEE de;;;;;;;;;;;;;;;;;;;;;;;;;;;;;;;;;;;;;;;;
;Wilde, C ;Wilde, C ;Wilde, C ;Wilde, C ;Wilde, C ;Wilde, C ;Wilde, C ;Wilde, C ;Wilde, C ;Wilde, C ;Wilde, C ;Wilde, C ;Wilde, C ;Wilde, C ;Wilde, C ;Wilde, C ;Wilde, C ;Wilde, C ;Wilde, C ;;;;;;;;;;;;;;;;;;;;;;
M ;Wilde, Charlotte M ;Wilde, Charlotte M ;Wilde, Charlotte M ;Wilde, Charlotte M ;Wilde, C M ;M ;M ;M ;M ;M ;M ;M ;M ;M ;M ;M ;M ;M ;M ;M ;M ;M ;M ;M ;M ;M ;M ;M ;M ;M ;M ;M ;M ;M ;M ;M ;M ;M ;M ;M ;M 
L ;Wilde, Constance L ;Wilde, Constance L ;Wilde, Constance L ;Wilde, Constance L ;Wilde, C L ;L ;L ;L ;L ;L ;L ;L ;L ;L ;L ;L ;L ;L ;L ;L ;L ;L ;L ;L ;L ;L ;L ;L ;L ;L ;L ;L ;L ;L ;L ;L ;L ;L ;L ;L ;L 
;Wilde, Earle Irving;Wilde, Earle Irving;Wilde, Earle Irving;Wilde, EI;;;;;;;;;;;;;;;;;;;;;;;;;;;;;;;;;;;;;
E  de & Voorhoeve, A  G;Wilde, J  J  F  E  de & Voorhoeve, A  G;Wilde, J  J  F  E  de & Voorhoeve, A  G;Wilde, J  J  F  E  de & Voorhoeve, A  G;Wilde, J  J  F  E  de & Voorhoeve, A  G;Wilde, J  J  F  E  de & Voorhoeve, A  G;Wilde, J  J  F  E  de & Voorhoeve, A  G;Wilde, J  J  F  E  de & Voorhoeve, A  G;Wilde, JJFE  de & Voorhoeve, A  G;E  de & Voorhoeve, A  G;E  de & Voorhoeve, A  G;E  de & Voorhoeve, A  G;E  de & Voorhoeve, A  G;E  de & Voorhoeve, A  G;E  de & Voorhoeve, A  G;E  de & Voorhoeve, A  G;E  de & Voorhoeve, A  G;E  de & Voorhoeve, A  G;E  de & Voorhoeve, A  G;E  de & Voorhoeve, A  G;E  de & Voorhoeve, A  G;E  de & Voorhoeve, A  G;E  de & Voorhoeve, A  G;E  de & Voorhoeve, A  G;E  de & Voorhoeve, A  G;E  de & Voorhoeve, A  G;E  de & Voorhoeve, A  G;E  de & Voorhoeve, A  G;E  de & Voorhoeve, A  G;E  de & Voorhoeve, A  G;E  de & Voorhoeve, A  G;E  de & Voorhoeve, A  G;E  de & Voorhoeve, A  G;E  de & Voorhoeve, A  G;E  de & Voorhoeve, A  G;E  de & Voorhoeve, A  G;E  de & Voorhoeve, A  G;E  de & Voorhoeve, A  G;E  de & Voorhoeve, A  G;E  de & Voorhoeve, A  G;E  de & Voorhoeve, A  G;E  de & Voorhoeve, A  G
Egmonde de;Wilde, JJF Egmonde de;Egmonde de;Egmonde de;Egmonde de;Egmonde de;Egmonde de;Egmonde de;Egmonde de;Egmonde de;Egmonde de;Egmonde de;Egmonde de;Egmonde de;Egmonde de;Egmonde de;Egmonde de;Egmonde de;Egmonde de;Egmonde de;Egmonde de;Egmonde de;Egmonde de;Egmonde de;Egmonde de;Egmonde de;Egmonde de;Egmonde de;Egmonde de;Egmonde de;Egmonde de;Egmonde de;Egmonde de;Egmonde de;Egmonde de;Egmonde de;Egmonde de;Egmonde de;Egmonde de;Egmonde de;Egmonde de;Egmonde de
Egmonde de & Leeuwenberg, Antonius Josephus Maria;Wilde, JJF Egmonde de & Leeuwenberg, Antonius Josephus Maria;Egmonde de & Leeuwenberg, Antonius Josephus Maria;Egmonde de & Leeuwenberg, Antonius Josephus Maria;Egmonde de & Leeuwenberg, Antonius Josephus Maria;Egmonde de & Leeuwenberg, Antonius Josephus Maria;Egmonde de & Leeuwenberg, Antonius Josephus Maria;Egmonde de & Leeuwenberg, Antonius Josephus Maria;Egmonde de & Leeuwenberg, Antonius Josephus Maria;Egmonde de & Leeuwenberg, Antonius Josephus Maria;Egmonde de & Leeuwenberg, Antonius Josephus Maria;Egmonde de & Leeuwenberg, Antonius Josephus Maria;Egmonde de & Leeuwenberg, Antonius Josephus Maria;Egmonde de & Leeuwenberg, Antonius Josephus Maria;Egmonde de & Leeuwenberg, Antonius Josephus Maria;Egmonde de & Leeuwenberg, Antonius Josephus Maria;Egmonde de & Leeuwenberg, Antonius Josephus Maria;Egmonde de & Leeuwenberg, Antonius Josephus Maria;Egmonde de & Leeuwenberg, Antonius Josephus Maria;Egmonde de & Leeuwenberg, Antonius Josephus Maria;Egmonde de & Leeuwenberg, Antonius Josephus Maria;Egmonde de & Leeuwenberg, Antonius Josephus Maria;Egmonde de & Leeuwenberg, Antonius Josephus Maria;Egmonde de & Leeuwenberg, Antonius Josephus Maria;Egmonde de & Leeuwenberg, Antonius Josephus Maria;Egmonde de & Leeuwenberg, Antonius Josephus Maria;Egmonde de & Leeuwenberg, Antonius Josephus Maria;Egmonde de & Leeuwenberg, Antonius Josephus Maria;Egmonde de & Leeuwenberg, Antonius Josephus Maria;Egmonde de & Leeuwenberg, Antonius Josephus Maria;Egmonde de & Leeuwenberg, Antonius Josephus Maria;Egmonde de & Leeuwenberg, Antonius Josephus Maria;Egmonde de & Leeuwenberg, Antonius Josephus Maria;Egmonde de & Leeuwenberg, Antonius Josephus Maria;Egmonde de & Leeuwenberg, Antonius Josephus Maria;Egmonde de & Leeuwenberg, Antonius Josephus Maria;Egmonde de & Leeuwenberg, Antonius Josephus Maria;Egmonde de & Leeuwenberg, Antonius Josephus Maria;Egmonde de & Leeuwenberg, Antonius Josephus Maria;Egmonde de & Leeuwenberg, Antonius Josephus Maria;Egmonde de & Leeuwenberg, Antonius Josephus Maria;Egmonde de & Leeuwenberg, Antonius Josephus Maria
;Wilde, Jean de;Wilde, Jean de;Wilde, Jean de;Wilde, Jean de;Wilde, J de;;;;;;;;;;;;;;;;;;;;;;;;;;;;;;;;;;;;
;Wilde, Julius;Wilde, Julius;Wilde, Julius;Wilde, Julius;Wilde, Julius;Wilde, J;;;;;;;;;;;;;;;;;;;;;;;;;;;;;;;;;;;
Jan de;Wilde, PAW Jan de;Jan de;Jan de;Jan de;Jan de;Jan de;Jan de;Jan de;Jan de;Jan de;Jan de;Jan de;Jan de;Jan de;Jan de;Jan de;Jan de;Jan de;Jan de;Jan de;Jan de;Jan de;Jan de;Jan de;Jan de;Jan de;Jan de;Jan de;Jan de;Jan de;Jan de;Jan de;Jan de;Jan de;Jan de;Jan de;Jan de;Jan de;Jan de;Jan de;Jan de
;Wilde, Volker;Wilde, Volker;Wilde, Volker;Wilde, Volker;Wilde, Volker;Wilde, V;;;;;;;;;;;;;;;;;;;;;;;;;;;;;;;;;;;
Oswald de;Wilde, WJJ Oswald de;Oswald de;Oswald de;Oswald de;Oswald de;Oswald de;Oswald de;Oswald de;Oswald de;Oswald de;Oswald de;Oswald de;Oswald de;Oswald de;Oswald de;Oswald de;Oswald de;Oswald de;Oswald de;Oswald de;Oswald de;Oswald de;Oswald de;Oswald de;Oswald de;Oswald de;Oswald de;Oswald de;Oswald de;Oswald de;Oswald de;Oswald de;Oswald de;Oswald de;Oswald de;Oswald de;Oswald de;Oswald de;Oswald de;Oswald de;Oswald de
Oswald de;Wilde, WJJ Oswald de;Oswald de;Oswald de;Oswald de;Oswald de;Oswald de;Oswald de;Oswald de;Oswald de;Oswald de;Oswald de;Oswald de;Oswald de;Oswald de;Oswald de;Oswald de;Oswald de;Oswald de;Oswald de;Oswald de;Oswald de;Oswald de;Oswald de;Oswald de;Oswald de;Oswald de;Oswald de;Oswald de;Oswald de;Oswald de;Oswald de;Oswald de;Oswald de;Oswald de;Oswald de;Oswald de;Oswald de;Oswald de;Oswald de;Oswald de;Oswald de
(e) Joseph de;Wildeman, Emile August(e) Joseph de;Wildeman, Emile August(e) Joseph de;Wildeman, Emile August(e) Joseph de;Wildeman, EA(e) Joseph de;(e) Joseph de;(e) Joseph de;(e) Joseph de;(e) Joseph de;(e) Joseph de;(e) Joseph de;(e) Joseph de;(e) Joseph de;(e) Joseph de;(e) Joseph de;(e) Joseph de;(e) Joseph de;(e) Joseph de;(e) Joseph de;(e) Joseph de;(e) Joseph de;(e) Joseph de;(e) Joseph de;(e) Joseph de;(e) Joseph de;(e) Joseph de;(e) Joseph de;(e) Joseph de;(e) Joseph de;(e) Joseph de;(e) Joseph de;(e) Joseph de;(e) Joseph de;(e) Joseph de;(e) Joseph de;(e) Joseph de;(e) Joseph de;(e) Joseph de;(e) Joseph de;(e) Joseph de;(e) Joseph de;(e) Joseph de
Wildemann bis;Wildemann bis;Wildemann bis;Wildemann bis;Wildemann bis;Wildemann bis;Wildemann bis;Wildemann bis;Wildemann bis;Wildemann bis;Wildemann bis;Wildemann bis;Wildemann bis;Wildemann bis;Wildemann bis;Wildemann bis;Wildemann bis;Wildemann bis;Wildemann bis;Wildemann bis;Wildemann bis;Wildemann bis;Wildemann bis;Wildemann bis;Wildemann bis;Wildemann bis;Wildemann bis;Wildemann bis;Wildemann bis;Wildemann bis;Wildemann bis;Wildemann bis;Wildemann bis;Wildemann bis;Wildemann bis;Wildemann bis;Wildemann bis;Wildemann bis;Wildemann bis;Wildemann bis;Wildemann bis;Wildemann bis
Wildemann, bis;Wildemann, bis;Wildemann, bis;Wildemann, bis;Wildemann, bis;Wildemann, bis;Wildemann, bis;Wildemann, bis;Wildemann, bis;Wildemann, bis;Wildemann, bis;Wildemann, bis;Wildemann, bis;Wildemann, bis;Wildemann, bis;Wildemann, bis;Wildemann, bis;Wildemann, bis;Wildemann, bis;Wildemann, bis;Wildemann, bis;Wildemann, bis;Wildemann, bis;Wildemann, bis;Wildemann, bis;Wildemann, bis;Wildemann, bis;Wildemann, bis;Wildemann, bis;Wildemann, bis;Wildemann, bis;Wildemann, bis;Wildemann, bis;Wildemann, bis;Wildemann, bis;Wildemann, bis;Wildemann, bis;Wildemann, bis;Wildemann, bis;Wildemann, bis;Wildemann, bis;Wildemann, bis
;Wilder;Wilder;Wilder;Wilder;Wilder;Wilder;Wilder;Wilder;Wilder;Wilder;Wilder;Wilder;Wilder;Wilder;Wilder;Wilder;Wilder;Wilder;Wilder;Wilder;Wilder;;;;;;;;;;;;;;;;;;;;
;Wilder, Charlotte May;Wilder, Charlotte May;Wilder, Charlotte May;Wilder, CM;;;;;;;;;;;;;;;;;;;;;;;;;;;;;;;;;;;;;
;Wilder, F ;Wilder, F ;Wilder, F ;Wilder, F ;Wilder, F ;Wilder, F ;Wilder, F ;Wilder, F ;Wilder, F ;Wilder, F ;Wilder, F ;Wilder, F ;Wilder, F ;Wilder, F ;Wilder, F ;Wilder, F ;Wilder, F ;Wilder, F ;Wilder, F ;;;;;;;;;;;;;;;;;;;;;;
;Wilder, G  J ;Wilder, G  J ;Wilder, G  J ;Wilder, G  J ;Wilder, G  J ;Wilder, G  J ;Wilder, G  J ;Wilder, G  J ;Wilder, G  J ;Wilder, G  J ;Wilder, G  J ;Wilder, GJ;;;;;;;;;;;;;;;;;;;;;;;;;;;;;
;Wilder, G  P ;Wilder, G  P ;Wilder, G  P ;Wilder, G  P ;Wilder, G  P ;Wilder, G  P ;Wilder, G  P ;Wilder, G  P ;Wilder, G  P ;Wilder, G  P ;Wilder, G  P ;Wilder, GP;;;;;;;;;;;;;;;;;;;;;;;;;;;;;
D ;Wilder, Geo  D ;Wilder, Geo  D ;Wilder, Geo  D ;Wilder, Geo  D ;Wilder, G D ;D ;D ;D ;D ;D ;D ;D ;D ;D ;D ;D ;D ;D ;D ;D ;D ;D ;D ;D ;D ;D ;D ;D ;D ;D ;D ;D ;D ;D ;D ;D ;D ;D ;D ;D ;D 
J ;Wilder, George J ;Wilder, George J ;Wilder, George J ;Wilder, George J ;Wilder, G J ;J ;J ;J ;J ;J ;J ;J ;J ;J ;J ;J ;J ;J ;J ;J ;J ;J ;J ;J ;J ;J ;J ;J ;J ;J ;J ;J ;J ;J ;J ;J ;J ;J ;J ;J ;J 
J ;Wilder, George J ;Wilder, George J ;Wilder, George J ;Wilder, George J ;Wilder, G J ;J ;J ;J ;J ;J ;J ;J ;J ;J ;J ;J ;J ;J ;J ;J ;J ;J ;J ;J ;J ;J ;J ;J ;J ;J ;J ;J ;J ;J ;J ;J ;J ;J ;J ;J ;J 
;Wilder, Gerrit Parmile;Wilder, Gerrit Parmile;Wilder, Gerrit Parmile;Wilder, GP;;;;;;;;;;;;;;;;;;;;;;;;;;;;;;;;;;;;;
éa Maggessi;Wilder, Nicéa Maggessi;Wilder, Nicéa Maggessi;Wilder, Nicéa Maggessi;Wilder, Nicéa Maggessi;Wilder, Nicéa Maggessi;Wilder, Néa Maggessi;éa Maggessi;éa Maggessi;éa Maggessi;éa Maggessi;éa Maggessi;éa Maggessi;éa Maggessi;éa Maggessi;éa Maggessi;éa Maggessi;éa Maggessi;éa Maggessi;éa Maggessi;éa Maggessi;éa Maggessi;éa Maggessi;éa Maggessi;éa Maggessi;éa Maggessi;éa Maggessi;éa Maggessi;éa Maggessi;éa Maggessi;éa Maggessi;éa Maggessi;éa Maggessi;éa Maggessi;éa Maggessi;éa Maggessi;éa Maggessi;éa Maggessi;éa Maggessi;éa Maggessi;éa Maggessi;éa Maggessi
;Wilder, Patricia;Wilder, Patricia;Wilder, Patricia;Wilder, Patricia;Wilder, Patricia;Wilder, P;;;;;;;;;;;;;;;;;;;;;;;;;;;;;;;;;;;
 de Wilde;Willem Jan Jacobus Oswald de Wilde;Willem Jan Jacobus Oswald de Wilde;Willem Jan Jacobus Oswald de Wilde;Willem Jan Jacobus Oswald de Wilde;Willem Jan Jacobus Oswald de Wilde;Willem Jan Jacobus Oswald de Wilde;Willem Jan Jacobus Oswald de Wilde;Willem Jan Jacobus Oswald de Wilde;Willem Jan Jacobus Oswald de Wilde;Willem Jan Jacobus Oswald de Wilde;Willem Jan Jacobus Oswald de Wilde;Willem Jan Jacobus Oswald de Wilde;Willem Jan Jacobus Oswald de Wilde;Willem Jan Jacobus Oswald de Wilde;Willem Jan Jacobus Oswald de Wilde;Willem Jan Jacobus Oswald de Wilde;Willem Jan Jacobus Oswald de Wilde;Willem Jan Jacobus Oswald de Wilde;Willem Jan Jacobus Oswald de Wilde;Willem Jan Jacobus Oswald de Wilde;Willem Jan Jacobus Oswald de Wilde;Willem Jan Jacobus Oswald de Wilde;Willem Jan Jacobus Oswald de Wilde;Willem Jan Jacobus Oswald de Wilde;Oswald, WJJ de Wilde; de Wilde; de Wilde; de Wilde; de Wilde; de Wilde; de Wilde; de Wilde; de Wilde; de Wilde; de Wilde; de Wilde; de Wilde; de Wilde; de Wilde; de Wilde; de Wilde
